2063,,,,,,,
12,,,,,,,
UID,Y,X,BEARING_ANGLE,SPEED_RESTRICTION,CAMERA_TYPE,DIR_TYPE,Version
,21.955331,120.770048,135,60,1,1,2015Q2
,21.965182,120.758696,315,70,1,1,2015Q2
,21.973965,120.754449,180,70,1,1,2015Q2
,22.04525,120.730445,135,70,1,1,2015Q2
,22.04554,120.730139,315,70,1,1,2015Q2
,22.072855,120.714041,180,50,3,1,2015Q2
,22.144236,120.700458,45,60,3,1,2015Q2
,22.262223,120.65307,0,60,1,1,2015Q2
,22.294703,120.885135,90,60,1,1,2015Q2
,22.294703,120.885163,225,60,1,1,2015Q2
,22.302168,120.643425,0,70,1,1,2015Q2
,22.302207,120.643418,180,70,1,1,2015Q2
,22.323088,120.891818,180,70,1,1,2015Q2
,22.33668,120.614487,180,70,1,1,2015Q2
,22.364385,120.907688,225,60,1,1,2015Q2
,22.36722,120.607894,180,70,1,1,2015Q2
,22.38792,120.593866,180,50,1,1,2015Q2
,22.417737,120.584046,180,70,1,1,2015Q2
,22.418182,120.58391,0,70,1,1,2015Q2
,22.422515,120.537025,135,70,1,1,2015Q2
,22.439487,120.51083,315,70,1,1,2015Q2
,22.440224,120.470175,315,40,1,1,2015Q2
,22.440272,120.470085,135,40,1,1,2015Q2
,22.441732,120.49344,270,40,1,1,2015Q2
,22.456986,120.481914,270,70,1,1,2015Q2
,22.461654,120.466475,90,70,1,1,2015Q2
,22.480808,120.456842,0,50,1,1,2015Q2
,22.487162,120.455507,0,70,1,1,2015Q2
,22.48972,120.529559,90,50,1,1,2015Q2
,22.492523,120.538876,135,70,3,1,2015Q2
,22.499021,120.407061,270,60,3,1,2015Q2
,22.500048,120.403798,90,60,3,1,2015Q2
,22.500514,120.396303,90,60,1,1,2015Q2
,22.502268,120.525462,135,110,1,1,2015Q2
,22.505674,120.370679,135,60,1,1,2015Q2
,22.510127,120.462228,180,60,3,1,2015Q2
,22.510252,120.36303,315,60,1,1,2015Q2
,22.510275,120.36219,90,40,1,1,2015Q2
,22.510314,120.363083,315,40,1,1,2015Q2
,22.51599,120.531017,180,70,3,1,2015Q2
,22.516617,120.362549,225,60,1,1,2015Q2
,22.521091,120.3468,315,40,3,1,2015Q2
,22.521797,120.345683,135,40,3,1,2015Q2
,22.5225,120.397428,225,60,3,1,2015Q2
,22.524277,120.462901,0,60,1,1,2015Q2
,22.524641,120.462886,180,70,1,1,2015Q2
,22.531479,120.403681,45,70,1,1,2015Q2
,22.531779,120.403847,225,70,1,1,2015Q2
,22.53199,120.371282,45,60,1,1,2015Q2
,22.532421,120.414865,225,60,1,1,2015Q2
,22.534118,120.40533,45,70,3,1,2015Q2
,22.5358,120.373289,0,60,1,1,2015Q2
,22.537827,120.543639,45,70,1,1,2015Q2
,22.5379,120.543832,225,70,1,1,2015Q2
,22.540776,120.518907,0,50,1,1,2015Q2
,22.541069,120.518735,180,50,1,1,2015Q2
,22.541603,120.371644,135,60,1,1,2015Q2
,22.579287,120.330226,315,60,1,1,2015Q2
,22.57952,120.509951,315,70,1,1,2015Q2
,22.580386,120.370999,180,50,1,1,2015Q2
,22.58107,120.407385,0,70,3,1,2015Q2
,22.581081,120.993219,45,70,1,1,2015Q2
,22.582612,120.290933,135,60,1,1,2015Q2
,22.583056,120.33475,90,50,3,1,2015Q2
,22.583129,120.340548,270,50,1,1,2015Q2
,22.584849,120.363428,270,60,1,1,2015Q2
,22.584894,120.349713,270,50,1,1,2015Q2
,22.586459,120.409244,90,90,1,1,2015Q2
,22.586465,120.32928,225,60,1,1,2015Q2
,22.586759,120.287337,135,60,1,1,2015Q2
,22.587293,120.313669,180,50,1,1,2015Q2
,22.587527,120.306569,315,50,1,1,2015Q2
,22.587623,120.322901,135,60,1,1,2015Q2
,22.587778,120.323092,315,60,1,1,2015Q2
,22.589281,120.553541,225,70,1,1,2015Q2
,22.589426,120.385147,270,60,1,1,2015Q2
,22.589549,120.492316,0,70,1,1,2015Q2
,22.589713,120.492349,180,70,1,1,2015Q2
,22.590247,120.358398,90,60,1,1,2015Q2
,22.590414,120.359259,270,60,1,1,2015Q2
,22.592179,120.306148,180,60,1,1,2015Q2
,22.59258,120.43336,270,90,1,1,2015Q2
,22.592654,120.308089,270,50,1,1,2015Q2
,22.593374,120.309192,90,50,1,1,2015Q2
,22.594521,120.359183,0,60,1,1,2015Q2
,22.595797,120.339656,0,50,1,1,2015Q2
,22.59648,120.401175,180,50,3,1,2015Q2
,22.597869,120.342021,315,60,3,1,2015Q2
,22.598006,120.360167,180,60,1,1,2015Q2
,22.599479,120.303375,0,60,1,1,2015Q2
,22.599984,120.312907,315,60,1,1,2015Q2
,22.601135,120.417619,180,60,3,1,2015Q2
,22.60171,120.306589,0,50,1,1,2015Q2
,22.602107,120.33324,225,50,3,1,2015Q2
,22.603391,120.323604,45,50,1,1,2015Q2
,22.604411,120.31476,225,50,1,1,2015Q2
,22.604578,120.309279,135,60,1,1,2015Q2
,22.605686,120.338478,90,50,3,1,2015Q2
,22.606026,120.33834,270,50,1,1,2015Q2
,22.606109,120.308023,135,60,1,1,2015Q2
,22.606112,120.308021,315,60,1,1,2015Q2
,22.606534,120.346715,45,60,3,1,2015Q2
,22.606663,120.345701,180,50,3,1,2015Q2
,22.607029,120.320377,135,50,1,1,2015Q2
,22.607708,120.362666,180,60,3,1,2015Q2
,22.608528,120.316927,315,50,1,1,2015Q2
,22.610486,120.313368,225,60,1,1,2015Q2
,22.611279,120.413459,0,60,3,1,2015Q2
,22.611429,120.305572,0,60,1,1,2015Q2
,22.612111,120.326916,180,50,1,1,2015Q2
,22.612665,120.317946,0,60,1,1,2015Q2
,22.613111,120.314298,0,60,1,1,2015Q2
,22.615315,120.322591,0,50,1,1,2015Q2
,22.61564,120.309525,90,50,1,1,2015Q2
,22.545548,120.369013,315,60,1,1,2015Q2
,22.547553,120.411489,225,70,1,1,2015Q2
,22.551024,120.555636,180,70,3,1,2015Q2
,22.551279,120.465826,45,70,1,1,2015Q2
,22.5516,120.466009,225,60,1,1,2015Q2
,22.558032,120.384809,225,50,3,1,2015Q2
,22.559263,120.334677,225,30,3,1,2015Q2
,22.560756,120.357442,315,60,3,1,2015Q2
,22.561354,120.409281,90,50,3,1,2015Q2
,22.561615,120.356553,135,60,3,1,2015Q2
,22.561647,120.553783,315,70,3,1,2015Q2
,22.561833,120.332292,315,60,1,1,2015Q2
,22.561961,120.349126,315,50,1,1,2015Q2
,22.562475,120.348669,135,50,1,1,2015Q2
,22.564114,120.387963,315,50,3,1,2015Q2
,22.565116,120.32951,315,50,1,1,2015Q2
,22.565801,120.37067,180,50,1,1,2015Q2
,22.566295,120.352692,315,60,1,1,2015Q2
,22.569578,120.344283,90,60,1,1,2015Q2
,22.569601,120.540607,225,60,3,1,2015Q2
,22.569767,120.344291,270,60,1,1,2015Q2
,22.56989,120.358758,270,50,1,1,2015Q2
,22.570266,120.36204,225,50,1,1,2015Q2
,22.570266,120.522444,270,90,1,1,2015Q2
,22.570321,120.523019,45,90,1,1,2015Q2
,22.570469,120.376697,315,50,1,1,2015Q2
,22.572238,120.373472,315,50,1,1,2015Q2
,22.572362,120.365062,45,50,1,1,2015Q2
,22.572488,120.329059,180,50,1,1,2015Q2
,22.572788,120.370574,90,50,1,1,2015Q2
,22.574055,120.409973,180,70,3,1,2015Q2
,22.574121,120.31802,315,50,1,1,2015Q2
,22.574704,120.371261,0,50,1,1,2015Q2
,22.576437,120.331779,225,50,1,1,2015Q2
,22.579171,120.330051,135,60,1,1,2015Q2
,22.628814,120.318212,90,50,1,1,2015Q2
,22.628962,120.313671,180,60,1,1,2015Q2
,22.629389,120.284006,270,50,1,1,2015Q2
,22.629721,120.324948,90,50,1,1,2015Q2
,22.629768,120.321161,90,50,1,1,2015Q2
,22.629867,120.323078,90,50,1,1,2015Q2
,22.629976,120.338023,90,50,1,1,2015Q2
,22.630159,120.320162,270,50,1,1,2015Q2
,22.630234,120.298151,270,50,1,1,2015Q2
,22.630429,120.336545,90,50,1,1,2015Q2
,22.631358,120.385255,225,60,3,1,2015Q2
,22.632112,120.313437,0,60,1,1,2015Q2
,22.632794,120.305051,270,50,1,1,2015Q2
,22.63357,120.321801,270,50,1,1,2015Q2
,22.63424,120.306104,90,50,1,1,2015Q2
,22.6343,120.307893,270,50,1,1,2015Q2
,22.634489,120.299981,90,50,1,1,2015Q2
,22.634942,120.313652,0,60,1,1,2015Q2
,22.635038,120.34259,45,50,1,1,2015Q2
,22.635193,120.363364,90,70,3,1,2015Q2
,22.635688,120.374424,270,70,3,1,2015Q2
,22.635842,120.402545,315,60,1,1,2015Q2
,22.636417,120.281097,180,50,1,1,2015Q2
,22.636504,120.344734,225,50,1,1,2015Q2
,22.637491,120.337948,270,50,1,1,2015Q2
,22.637558,120.350912,270,70,3,1,2015Q2
,22.637726,120.34994,270,70,1,1,2015Q2
,22.637792,120.3368,180,50,1,1,2015Q2
,22.63821,120.345003,0,50,1,1,2015Q2
,22.638226,120.333856,315,50,1,1,2015Q2
,22.639175,120.453867,180,70,3,1,2015Q2
,22.639179,120.328379,270,50,1,1,2015Q2
,22.639528,120.324765,270,50,1,1,2015Q2
,22.639561,120.401724,270,70,3,1,2015Q2
,22.639612,120.327917,180,50,1,1,2015Q2
,22.639818,120.32024,90,50,1,1,2015Q2
,22.639994,120.319843,270,50,1,1,2015Q2
,22.640204,120.485585,0,50,3,1,2015Q2
,22.640562,120.310937,90,50,1,1,2015Q2
,22.64068,120.33339,90,50,1,1,2015Q2
,22.64091,120.408866,90,70,1,1,2015Q2
,22.641201,120.327335,0,50,1,1,2015Q2
,22.641439,120.363831,0,50,3,1,2015Q2
,22.641658,120.413324,270,70,1,1,2015Q2
,22.642456,120.314213,0,60,1,1,2015Q2
,22.642862,120.314054,180,40,1,1,2015Q2
,22.643987,120.285945,270,60,1,1,2015Q2
,22.643997,120.314355,0,60,1,1,2015Q2
,22.64461,120.346394,180,50,1,1,2015Q2
,22.645036,120.31445,180,60,1,1,2015Q2
,22.645341,120.305229,270,40,1,1,2015Q2
,22.645943,120.291804,0,60,1,1,2015Q2
,22.647173,120.284214,225,50,1,1,2015Q2
,22.647287,120.325447,180,50,1,1,2015Q2
,22.648213,120.303496,0,60,1,1,2015Q2
,22.648227,120.303188,180,60,1,1,2015Q2
,22.64851,120.291912,0,60,1,1,2015Q2
,22.649251,120.310143,135,50,1,1,2015Q2
,22.649581,120.331823,0,50,1,1,2015Q2
,22.649723,120.391837,270,60,3,1,2015Q2
,22.650062,120.315001,180,60,1,1,2015Q2
,22.650083,120.315003,0,60,1,1,2015Q2
,22.650083,120.323812,135,50,1,1,2015Q2
,22.650229,120.309156,180,50,1,1,2015Q2
,22.650416,120.325389,45,50,1,1,2015Q2
,22.650974,120.296516,90,50,1,1,2015Q2
,22.651164,120.300518,270,50,1,1,2015Q2
,22.651397,120.28811,270,50,1,1,2015Q2
,22.651677,120.292038,180,60,1,1,2015Q2
,22.652134,120.455244,90,70,3,1,2015Q2
,22.652268,120.455206,270,70,3,1,2015Q2
,22.653417,120.319129,315,50,1,1,2015Q2
,22.653457,120.365024,0,60,1,1,2015Q2
,22.653866,120.28141,180,60,1,1,2015Q2
,22.654744,120.297094,270,50,1,1,2015Q2
,22.655115,120.288231,180,50,1,1,2015Q2
,22.655205,120.465792,45,70,3,1,2015Q2
,22.655802,120.46682,270,60,3,1,2015Q2
,22.656202,120.31151,90,50,1,1,2015Q2
,22.656214,120.311438,270,50,1,1,2015Q2
,22.616442,120.31829,0,50,1,1,2015Q2
,22.61646,120.353102,135,50,3,1,2015Q2
,22.616563,120.303417,180,50,1,1,2015Q2
,22.616627,120.300832,180,50,1,1,2015Q2
,22.616823,120.302889,90,50,1,1,2015Q2
,22.617129,120.303799,270,50,1,1,2015Q2
,22.617408,120.293776,180,50,1,1,2015Q2
,22.617584,120.314322,180,60,1,1,2015Q2
,22.617722,120.315689,90,50,1,1,2015Q2
,22.619044,120.482146,180,60,3,1,2015Q2
,22.619113,120.302683,0,50,1,1,2015Q2
,22.619372,120.29273,135,50,1,1,2015Q2
,22.620562,120.313216,180,60,1,1,2015Q2
,22.620619,120.289231,0,40,1,1,2015Q2
,22.6209,120.284242,315,40,1,1,2015Q2
,22.620904,120.293942,225,50,1,1,2015Q2
,22.621684,120.312796,0,60,1,1,2015Q2
,22.622721,120.367862,45,60,3,1,2015Q2
,22.622931,120.279903,135,40,1,1,2015Q2
,22.623138,120.368379,225,50,1,1,2015Q2
,22.623185,120.298275,180,50,1,1,2015Q2
,22.623528,120.33586,0,50,3,1,2015Q2
,22.623943,120.308845,315,50,1,1,2015Q2
,22.624552,120.371913,45,50,1,1,2015Q2
,22.624704,120.32012,0,50,1,1,2015Q2
,22.62471,120.344317,0,50,3,1,2015Q2
,22.624737,120.305967,90,50,1,1,2015Q2
,22.624901,120.293947,270,50,1,1,2015Q2
,22.62497,120.344649,270,50,1,1,2015Q2
,22.625577,120.339539,135,50,1,1,2015Q2
,22.625782,120.424188,315,50,1,1,2015Q2
,22.62614,120.552067,315,70,1,1,2015Q2
,22.626148,120.552054,135,70,1,1,2015Q2
,22.626162,121.01258,180,70,1,1,2015Q2
,22.626173,120.311061,0,60,1,1,2015Q2
,22.626425,120.297006,180,50,1,1,2015Q2
,22.626673,120.310874,180,60,1,1,2015Q2
,22.627286,120.296683,0,50,1,1,2015Q2
,22.62733,120.302948,270,50,1,1,2015Q2
,22.627457,120.306753,90,50,1,1,2015Q2
,22.627766,120.310863,270,50,1,1,2015Q2
,22.628172,120.344206,90,60,1,1,2015Q2
,22.628292,120.335827,180,50,1,1,2015Q2
,22.668792,120.309345,90,50,1,1,2015Q2
,22.670531,120.289893,45,60,1,1,2015Q2
,22.670981,120.327871,225,50,1,1,2015Q2
,22.671569,120.297505,0,50,1,1,2015Q2
,22.672321,120.291523,225,60,1,1,2015Q2
,22.67265,121.038035,225,70,1,1,2015Q2
,22.67298,120.286586,180,50,1,1,2015Q2
,22.672987,120.30447,225,60,1,1,2015Q2
,22.673227,120.447989,180,60,1,1,2015Q2
,22.673286,120.318028,0,60,1,1,2015Q2
,22.673946,120.448271,0,60,1,1,2015Q2
,22.67455,120.299529,45,60,1,1,2015Q2
,22.674576,120.305439,45,60,1,1,2015Q2
,22.674886,120.359236,315,60,1,1,2015Q2
,22.65626,120.275417,0,50,1,1,2015Q2
,22.656766,120.308252,90,50,1,1,2015Q2
,22.656951,120.321239,45,50,1,1,2015Q2
,22.657776,120.292526,0,40,1,1,2015Q2
,22.657786,120.292341,0,60,1,1,2015Q2
,22.65799,120.359473,225,60,3,1,2015Q2
,22.658166,120.292135,180,60,1,1,2015Q2
,22.658177,120.292358,180,60,1,1,2015Q2
,22.658678,120.425369,0,70,1,1,2015Q2
,22.658859,120.331469,135,50,1,1,2015Q2
,22.659071,120.363799,90,60,3,1,2015Q2
,22.659249,120.275933,225,50,1,1,2015Q2
,22.659649,120.325541,270,50,1,1,2015Q2
,22.659845,120.328273,90,50,1,1,2015Q2
,22.659944,120.283417,0,60,1,1,2015Q2
,22.66009,120.319943,90,50,1,1,2015Q2
,22.660281,120.510781,135,50,1,1,2015Q2
,22.661183,120.29963,90,50,1,1,2015Q2
,22.661186,120.30038,270,50,1,1,2015Q2
,22.661382,120.288002,90,50,1,1,2015Q2
,22.661573,120.292521,180,60,1,1,2015Q2
,22.662539,121.028611,225,70,1,1,2015Q2
,22.66258,121.028639,45,70,1,1,2015Q2
,22.663309,120.316125,0,40,1,1,2015Q2
,22.663736,120.31618,180,60,1,1,2015Q2
,22.66522,120.292209,315,60,1,1,2015Q2
,22.667108,120.315039,225,50,1,1,2015Q2
,22.668472,120.288406,225,60,1,1,2015Q2
,22.732197,120.284907,270,50,1,1,2015Q2
,22.734684,120.319402,135,60,1,1,2015Q2
,22.734726,120.319584,0,60,1,1,2015Q2
,22.73668,120.489497,180,50,3,1,2015Q2
,22.737972,120.265238,315,60,1,1,2015Q2
,22.738413,120.335682,45,60,1,1,2015Q2
,22.739997,120.336906,225,60,1,1,2015Q2
,22.742743,120.317233,0,60,1,1,2015Q2
,22.743067,120.327273,45,50,1,1,2015Q2
,22.744861,121.057038,0,70,1,1,2015Q2
,22.744933,121.057034,180,70,1,1,2015Q2
,22.74561,120.447679,180,70,3,1,2015Q2
,22.747077,121.14376,45,50,1,1,2015Q2
,22.749161,121.152365,270,50,1,1,2015Q2
,22.75055,121.156798,225,60,3,1,2015Q2
,22.75225,120.312918,135,60,3,1,2015Q2
,22.75248,120.354095,45,50,1,1,2015Q2
,22.752559,121.148236,315,50,1,1,2015Q2
,22.754325,120.333622,180,110,1,1,2015Q2
,22.754468,121.145906,135,50,1,1,2015Q2
,22.754778,120.491758,0,70,3,1,2015Q2
,22.754899,121.131703,315,50,1,1,2015Q2
,22.754937,120.311502,135,60,3,1,2015Q2
,22.755015,121.153901,45,40,3,1,2015Q2
,22.75505,120.33362,0,110,1,1,2015Q2
,22.755129,120.356449,225,50,1,1,2015Q2
,22.755758,121.151017,45,40,1,1,2015Q2
,22.757,121.151812,135,50,3,1,2015Q2
,22.757006,121.14325,315,50,3,1,2015Q2
,22.67499,120.358968,135,60,1,1,2015Q2
,22.675387,120.294395,45,60,1,1,2015Q2
,22.6757,120.318494,180,60,1,1,2015Q2
,22.675792,120.318511,0,60,1,1,2015Q2
,22.67625,120.312778,180,50,1,1,2015Q2
,22.676716,120.323625,315,50,1,1,2015Q2
,22.677296,120.345809,90,50,1,1,2015Q2
,22.677724,120.296736,225,60,1,1,2015Q2
,22.678507,120.29872,270,50,1,1,2015Q2
,22.679411,120.314206,270,50,1,1,2015Q2
,22.6802,120.34045,225,50,3,1,2015Q2
,22.680571,120.309764,45,60,1,1,2015Q2
,22.681226,120.3138,0,50,1,1,2015Q2
,22.681371,120.282262,90,50,1,1,2015Q2
,22.681384,120.305501,180,60,1,1,2015Q2
,22.681451,120.310347,225,60,1,1,2015Q2
,22.683101,120.319928,180,60,1,1,2015Q2
,22.68323,120.303558,225,50,1,1,2015Q2
,22.683313,120.483931,90,50,3,1,2015Q2
,22.683502,120.307719,315,60,1,1,2015Q2
,22.683612,121.043266,0,70,3,1,2015Q2
,22.685424,120.310925,45,60,1,1,2015Q2
,22.68543,120.305663,135,60,1,1,2015Q2
,22.686468,120.302674,180,60,1,1,2015Q2
,22.687334,120.313617,225,60,1,1,2015Q2
,22.687458,120.320769,0,60,1,1,2015Q2
,22.688266,120.320925,180,60,1,1,2015Q2
,22.688525,120.31929,135,60,1,1,2015Q2
,22.688931,120.318344,315,60,1,1,2015Q2
,22.691383,120.435224,0,70,3,1,2015Q2
,22.691716,120.321583,180,60,1,1,2015Q2
,22.692116,120.321535,180,40,1,1,2015Q2
,22.693241,120.349357,135,60,3,1,2015Q2
,22.693427,120.489302,225,50,3,1,2015Q2
,22.693474,120.302864,0,60,1,1,2015Q2
,22.694027,120.292433,180,50,3,1,2015Q2
,22.694156,120.357911,180,60,1,1,2015Q2
,22.694572,120.42396,135,60,1,1,2015Q2
,22.697116,120.292452,0,50,3,1,2015Q2
,22.701233,120.345233,135,60,3,1,2015Q2
,22.702844,120.364245,135,60,1,1,2015Q2
,22.702903,120.363981,315,60,1,1,2015Q2
,22.704649,120.302284,180,50,1,1,2015Q2
,22.704816,120.292486,0,50,1,1,2015Q2
,22.704889,120.499894,0,70,1,1,2015Q2
,22.704983,120.499873,180,70,1,1,2015Q2
,22.705522,120.34257,315,60,3,1,2015Q2
,22.705717,121.05675,45,70,1,1,2015Q2
,22.705953,120.341766,90,50,3,1,2015Q2
,22.706677,120.292823,180,50,1,1,2015Q2
,22.707108,120.324563,180,60,1,1,2015Q2
,22.707776,120.488118,180,60,1,1,2015Q2
,22.707874,120.302351,0,50,3,1,2015Q2
,22.71117,121.072554,225,50,1,1,2015Q2
,22.712231,120.308357,0,50,1,1,2015Q2
,22.712253,120.308365,180,50,1,1,2015Q2
,22.712875,120.533615,0,50,1,1,2015Q2
,22.713643,120.293383,90,50,1,1,2015Q2
,22.757415,120.476637,270,110,1,1,2015Q2
,22.757946,121.149193,135,50,3,1,2015Q2
,22.759587,121.158257,225,40,1,1,2015Q2
,22.760372,120.387002,90,100,1,1,2015Q2
,22.760782,120.262791,180,60,3,1,2015Q2
,22.762417,121.157989,315,60,3,1,2015Q2
,22.765247,120.375533,225,70,1,1,2015Q2
,22.765795,121.143498,90,50,3,1,2015Q2
,22.765845,121.149784,270,50,1,1,2015Q2
,22.766958,120.446938,135,110,1,1,2015Q2
,22.767897,120.305349,315,70,1,1,2015Q2
,22.768022,121.14384,90,50,1,1,2015Q2
,22.768117,121.136191,135,60,1,1,2015Q2
,22.769861,120.493707,0,50,1,1,2015Q2
,22.769915,120.404007,270,100,1,1,2015Q2
,22.771776,121.076271,270,60,1,1,2015Q2
,22.77236,120.400682,270,60,1,1,2015Q2
,22.772644,121.131583,315,60,1,1,2015Q2
,22.774559,121.084326,90,60,3,1,2015Q2
,22.775086,120.253275,315,70,1,1,2015Q2
,22.775913,121.064085,225,40,3,1,2015Q2
,22.777593,121.176134,45,60,3,1,2015Q2
,22.777627,120.497443,45,50,1,1,2015Q2
,22.777732,121.176142,225,60,1,1,2015Q2
,22.779574,120.298957,0,60,1,1,2015Q2
,22.780483,121.13266,315,60,3,1,2015Q2
,22.782088,120.251478,180,70,1,1,2015Q2
,22.78399,120.299761,0,60,1,1,2015Q2
,22.785094,120.304148,270,60,3,1,2015Q2
,22.786995,120.362421,180,60,1,1,2015Q2
,22.788296,120.362543,0,60,1,1,2015Q2
,22.791278,120.245204,315,70,1,1,2015Q2
,22.794304,121.193809,45,50,3,1,2015Q2
,22.800376,120.294616,180,50,1,1,2015Q2
,22.801363,120.292695,315,60,1,1,2015Q2
,22.803193,120.290138,135,60,1,1,2015Q2
,22.804143,120.296815,45,25,3,1,2015Q2
,22.8076,120.310653,90,60,1,1,2015Q2
,22.807723,121.092444,180,60,3,1,2015Q2
,22.808071,120.243255,0,70,1,1,2015Q2
,22.810107,120.281735,135,70,3,1,2015Q2
,22.816821,120.506732,180,70,1,1,2015Q2
,22.820523,120.269965,315,70,1,1,2015Q2
,22.820878,121.090546,180,60,1,1,2015Q2
,22.821185,121.188889,180,50,3,1,2015Q2
,22.829281,120.266111,0,60,1,1,2015Q2
,22.836371,120.317456,0,60,3,1,2015Q2
,22.840775,120.263888,0,60,1,1,2015Q2
,22.845162,120.385532,315,110,1,1,2015Q2
,22.854271,120.261308,180,50,3,1,2015Q2
,22.857098,121.092234,0,50,1,1,2015Q2
,22.857803,120.504775,0,60,1,1,2015Q2
,22.859275,120.324374,0,60,1,1,2015Q2
,22.860743,120.468511,0,70,1,1,2015Q2
,22.862292,120.227481,180,60,3,1,2015Q2
,22.863736,120.28646,135,110,1,1,2015Q2
,22.871486,120.490161,135,70,1,1,2015Q2
,22.872154,120.47394,45,70,1,1,2015Q2
,22.713722,120.533792,180,50,1,1,2015Q2
,22.714099,120.294066,270,50,1,1,2015Q2
,22.714138,120.323404,270,50,1,1,2015Q2
,22.714205,120.310983,90,50,1,1,2015Q2
,22.714426,120.325884,0,60,1,1,2015Q2
,22.714591,120.315246,225,50,1,1,2015Q2
,22.715525,120.39013,225,60,1,1,2015Q2
,22.71635,120.539045,90,50,1,1,2015Q2
,22.716461,121.049574,225,70,3,1,2015Q2
,22.717424,120.303826,45,50,1,1,2015Q2
,22.717866,120.292147,0,50,1,1,2015Q2
,22.717898,120.325352,180,60,1,1,2015Q2
,22.717903,120.488306,0,70,1,1,2015Q2
,22.717915,120.488306,180,70,1,1,2015Q2
,22.719018,120.599124,45,60,1,1,2015Q2
,22.719369,120.283167,135,60,1,1,2015Q2
,22.719704,120.28705,45,60,1,1,2015Q2
,22.719871,120.310037,270,50,1,1,2015Q2
,22.720803,121.085429,225,60,1,1,2015Q2
,22.721536,120.291026,0,60,1,1,2015Q2
,22.722693,120.29612,270,60,3,1,2015Q2
,22.722772,120.277524,315,60,1,1,2015Q2
,22.72339,120.298122,225,60,3,1,2015Q2
,22.723815,120.329855,45,60,1,1,2015Q2
,22.723988,120.330489,315,50,1,1,2015Q2
,22.724426,120.314862,270,50,1,1,2015Q2
,22.725853,120.540756,45,60,3,1,2015Q2
,22.726415,120.309995,45,60,1,1,2015Q2
,22.726737,120.310655,225,60,1,1,2015Q2
,22.727114,120.274318,315,60,1,1,2015Q2
,22.727226,121.117413,45,70,1,1,2015Q2
,22.727245,121.117451,225,70,1,1,2015Q2
,22.728194,120.321458,0,60,1,1,2015Q2
,22.728219,120.445056,0,70,1,1,2015Q2
,22.730525,120.315668,45,60,3,1,2015Q2
,22.732024,120.29242,0,60,1,1,2015Q2
,22.923754,120.184961,180,50,1,1,2015Q2
,22.923972,120.239065,45,40,3,1,2015Q2
,22.927082,121.268589,180,50,1,1,2015Q2
,22.930261,120.176682,0,70,1,1,2015Q2
,22.930294,120.176682,180,70,1,1,2015Q2
,22.931851,120.220989,180,70,1,1,2015Q2
,22.939045,121.142777,180,60,1,1,2015Q2
,22.939104,121.142768,0,60,1,1,2015Q2
,22.939898,120.221019,180,70,1,1,2015Q2
,22.941179,120.181685,180,50,3,1,2015Q2
,22.944868,120.195549,0,50,1,1,2015Q2
,22.945018,120.195548,180,50,1,1,2015Q2
,22.947701,120.275434,0,70,1,1,2015Q2
,22.948556,120.17396,0,60,1,1,2015Q2
,22.950496,120.184571,0,50,1,1,2015Q2
,22.956199,120.186272,0,50,1,1,2015Q2
,22.958496,120.183813,0,60,1,1,2015Q2
,22.958681,120.169597,315,50,1,1,2015Q2
,22.95875,120.169566,135,50,1,1,2015Q2
,22.961413,120.188878,90,60,1,1,2015Q2
,22.961913,120.192923,270,60,1,1,2015Q2
,22.876752,120.225155,270,70,3,1,2015Q2
,22.878013,120.308126,270,70,1,1,2015Q2
,22.878724,120.292368,270,70,3,1,2015Q2
,22.879041,120.312681,90,70,1,1,2015Q2
,22.880088,120.270144,90,70,1,1,2015Q2
,22.884566,120.471995,135,50,1,1,2015Q2
,22.886333,120.519841,270,60,3,1,2015Q2
,22.891751,120.483461,180,60,1,1,2015Q2
,22.892503,120.272373,315,110,1,1,2015Q2
,22.894148,121.095042,0,60,1,1,2015Q2
,22.895358,121.247904,225,50,1,1,2015Q2
,22.896764,120.51988,45,60,3,1,2015Q2
,22.898177,121.096351,225,60,1,1,2015Q2
,22.898962,120.481495,135,50,3,1,2015Q2
,22.899788,120.480051,315,60,1,1,2015Q2
,22.908511,120.177316,180,70,3,1,2015Q2
,22.909085,120.470254,90,60,1,1,2015Q2
,22.909614,120.22694,180,70,3,1,2015Q2
,22.912935,120.536579,315,50,1,1,2015Q2
,22.915118,120.261766,315,110,1,1,2015Q2
,22.919942,120.225484,315,50,1,1,2015Q2
,23.173518,121.242795,45,60,1,1,2015Q2
,23.176723,120.254127,315,50,1,1,2015Q2
,23.17707,120.219744,270,60,3,1,2015Q2
,23.183258,121.248707,225,60,1,1,2015Q2
,23.183321,121.24875,45,60,1,1,2015Q2
,23.187639,120.133043,0,70,1,1,2015Q2
,23.200966,120.236401,180,110,1,1,2015Q2
,23.201188,120.355518,0,110,1,1,2015Q2
,23.202138,120.236587,0,110,1,1,2015Q2
,23.211129,120.185625,180,50,1,1,2015Q2
,23.213954,120.307474,315,50,1,1,2015Q2
,23.222834,121.282205,45,50,1,1,2015Q2
,23.223516,121.413507,0,50,1,1,2015Q2
,23.239676,120.315568,0,70,3,1,2015Q2
,23.25351,120.312392,180,70,3,1,2015Q2
,23.264,120.209942,225,50,1,1,2015Q2
,23.26634,121.375885,90,50,1,1,2015Q2
,23.266999,121.371288,270,50,1,1,2015Q2
,23.27192,120.265237,225,110,1,1,2015Q2
,23.276359,120.325213,0,70,1,1,2015Q2
,23.27644,120.325213,180,70,1,1,2015Q2
,23.27651,120.269246,45,110,1,1,2015Q2
,23.279215,121.321937,225,60,1,1,2015Q2
,23.279237,121.321955,45,60,1,1,2015Q2
,23.292144,120.24177,45,50,1,1,2015Q2
,23.292709,120.137664,225,90,1,1,2015Q2
,23.307309,121.335363,0,60,1,1,2015Q2
,23.308734,120.325684,45,50,1,1,2015Q2
,23.319349,120.308305,90,70,3,1,2015Q2
,23.331663,120.304844,225,110,1,1,2015Q2
,23.335841,121.320034,180,50,3,1,2015Q2
,23.363291,120.251089,180,70,1,1,2015Q2
,23.363425,120.209643,315,50,1,1,2015Q2
,23.37408,120.36482,225,50,1,1,2015Q2
,23.374104,120.364837,45,50,1,1,2015Q2
,23.377266,120.246874,0,50,3,1,2015Q2
,22.962334,120.236069,135,40,3,1,2015Q2
,22.963414,121.297121,45,50,1,1,2015Q2
,22.964721,120.217077,90,40,1,1,2015Q2
,22.965115,120.200551,225,60,1,1,2015Q2
,22.965164,120.200627,45,60,1,1,2015Q2
,22.965682,120.303076,270,60,3,1,2015Q2
,22.966975,120.18376,0,60,1,1,2015Q2
,22.969281,120.540731,225,60,1,1,2015Q2
,22.969294,120.209948,225,50,3,1,2015Q2
,22.970733,120.338162,135,110,1,1,2015Q2
,22.971206,120.31316,225,70,1,1,2015Q2
,22.97551,120.184027,180,60,1,1,2015Q2
,22.981242,120.21265,270,50,1,1,2015Q2
,22.987272,121.140923,0,60,1,1,2015Q2
,22.987305,121.140936,180,60,1,1,2015Q2
,22.987857,120.192003,0,50,1,1,2015Q2
,22.988827,120.30962,0,60,1,1,2015Q2
,22.988902,120.309594,180,70,1,1,2015Q2
,22.991503,120.212262,270,50,3,1,2015Q2
,22.992983,120.234109,180,60,3,1,2015Q2
,22.994316,120.234255,0,60,1,1,2015Q2
,22.996631,120.211387,45,50,3,1,2015Q2
,22.997048,120.224236,180,50,1,1,2015Q2
,22.997395,120.210912,90,50,1,1,2015Q2
,23.00082,120.220549,90,60,1,1,2015Q2
,23.001304,120.208921,225,50,3,1,2015Q2
,23.002381,120.213243,180,50,1,1,2015Q2
,23.00273,120.222821,270,50,1,1,2015Q2
,23.00827,120.248518,0,110,1,1,2015Q2
,23.012005,120.193861,0,40,3,1,2015Q2
,23.012893,120.200519,180,50,1,1,2015Q2
,23.013806,120.212338,225,50,3,1,2015Q2
,23.017641,120.179135,315,70,1,1,2015Q2
,23.017684,120.179096,135,70,1,1,2015Q2
,23.018694,120.132511,180,70,1,1,2015Q2
,23.019394,120.196721,90,60,1,1,2015Q2
,23.021948,120.206289,270,60,1,1,2015Q2
,23.022646,120.249855,180,110,1,1,2015Q2
,23.024848,121.330286,225,50,1,1,2015Q2
,23.036522,120.251222,0,40,3,1,2015Q2
,23.036767,120.251113,180,40,3,1,2015Q2
,23.045682,120.188474,0,60,3,1,2015Q2
,23.045889,120.207629,45,60,1,1,2015Q2
,23.051994,120.142708,135,70,1,1,2015Q2
,23.052128,120.142523,315,70,1,1,2015Q2
,23.052963,120.189947,0,60,1,1,2015Q2
,23.052991,120.189794,180,60,1,1,2015Q2
,23.053353,120.2717,315,50,3,1,2015Q2
,23.055936,120.298735,315,60,1,1,2015Q2
,23.055989,120.298709,135,60,1,1,2015Q2
,23.061271,120.133918,180,70,1,1,2015Q2
,23.061539,120.332072,225,60,3,1,2015Q2
,23.066544,120.214626,0,60,1,1,2015Q2
,23.066572,120.214631,180,60,3,1,2015Q2
,23.073257,120.134888,0,70,1,1,2015Q2
,23.073341,120.134896,180,70,1,1,2015Q2
,23.074916,120.192247,180,60,1,1,2015Q2
,23.078916,120.252132,180,110,1,1,2015Q2
,23.37993,121.47182,0,50,1,1,2015Q2
,23.385285,120.35495,0,110,1,1,2015Q2
,23.388435,120.375114,45,70,1,1,2015Q2
,23.394739,120.355374,180,110,1,1,2015Q2
,23.397909,121.359545,225,50,1,1,2015Q2
,23.401481,121.337001,225,60,1,1,2015Q2
,23.401529,121.337021,45,60,1,1,2015Q2
,23.416824,120.314623,180,50,1,1,2015Q2
,23.42743,120.394165,225,50,1,1,2015Q2
,23.427884,121.347806,45,50,1,1,2015Q2
,23.433603,120.246751,180,70,1,1,2015Q2
,23.434684,120.399205,225,50,1,1,2015Q2
,23.439101,120.16752,180,60,1,1,2015Q2
,23.439116,120.38427,315,70,1,1,2015Q2
,23.448433,120.440704,180,50,1,1,2015Q2
,23.450991,120.568674,315,60,3,1,2015Q2
,23.452983,120.442263,0,50,3,1,2015Q2
,23.453662,120.415546,225,60,1,1,2015Q2
,23.454917,120.326272,90,50,3,1,2015Q2
,23.456629,120.19161,270,70,1,1,2015Q2
,23.459844,120.296206,270,50,3,1,2015Q2
,23.459977,120.440422,45,50,1,1,2015Q2
,23.460459,120.291878,90,50,3,1,2015Q2
,23.463585,120.470961,180,50,3,1,2015Q2
,23.463945,120.269534,270,70,1,1,2015Q2
,23.46422,120.424577,45,50,3,1,2015Q2
,23.464754,120.425037,225,60,3,1,2015Q2
,23.466277,120.254437,135,50,1,1,2015Q2
,23.468405,120.466102,315,50,1,1,2015Q2
,23.468883,120.449502,90,50,1,1,2015Q2
,23.472715,120.329314,225,70,1,1,2015Q2
,23.477318,120.430917,315,50,1,1,2015Q2
,23.480104,120.430031,315,50,1,1,2015Q2
,23.480598,120.438781,45,50,1,1,2015Q2
,23.481665,120.493241,90,50,1,1,2015Q2
,23.482939,120.356132,90,70,1,1,2015Q2
,23.487202,120.40244,90,70,1,1,2015Q2
,23.488472,121.364473,180,70,1,1,2015Q2
,23.488518,121.364492,0,70,1,1,2015Q2
,23.490227,120.403418,90,50,1,1,2015Q2
,23.492044,120.397457,90,50,3,1,2015Q2
,23.492146,120.473464,270,50,1,1,2015Q2
,23.494916,121.367123,45,70,1,1,2015Q2
,23.497184,120.442598,135,50,1,1,2015Q2
,23.497988,121.36837,45,70,1,1,2015Q2
,23.498068,121.368403,225,70,1,1,2015Q2
,23.498428,120.451133,0,50,3,1,2015Q2
,23.51162,120.444578,135,50,1,1,2015Q2
,23.514235,120.403744,0,110,1,1,2015Q2
,23.519882,119.578214,90,50,1,1,2015Q2
,23.521307,119.573449,0,50,1,1,2015Q2
,23.523472,120.327022,0,60,1,1,2015Q2
,23.525149,120.405048,180,110,1,1,2015Q2
,23.525618,121.378286,180,60,1,1,2015Q2
,23.527411,120.267865,270,60,1,1,2015Q2
,23.53559,120.436586,0,50,3,1,2015Q2
,23.538642,119.604299,0,70,1,1,2015Q2
,23.080569,120.195405,225,70,1,1,2015Q2
,23.082742,120.230589,135,40,3,1,2015Q2
,23.084398,120.329166,0,110,1,1,2015Q2
,23.084412,120.210553,0,50,3,1,2015Q2
,23.090206,120.282758,0,60,3,1,2015Q2
,23.094528,120.229095,45,50,3,1,2015Q2
,23.098948,120.280871,180,60,1,1,2015Q2
,23.101428,120.287787,0,25,1,1,2015Q2
,23.101806,120.280499,0,60,1,1,2015Q2
,23.102661,120.131682,180,70,3,1,2015Q2
,23.103364,120.284959,270,60,3,1,2015Q2
,23.104424,120.289528,270,60,3,1,2015Q2
,23.107572,121.202721,45,60,1,1,2015Q2
,23.109407,121.383881,225,50,1,1,2015Q2
,23.112859,120.271347,0,40,1,1,2015Q2
,23.114701,120.274867,135,60,3,1,2015Q2
,23.117387,120.27382,315,60,3,1,2015Q2
,23.120727,120.465449,90,50,3,1,2015Q2
,23.12184,120.272076,180,60,3,1,2015Q2
,23.123913,120.330902,90,60,3,1,2015Q2
,23.134208,120.236227,315,110,1,1,2015Q2
,23.142642,120.425399,90,90,1,1,2015Q2
,23.142812,120.192522,315,70,1,1,2015Q2
,23.153725,121.398751,225,50,1,1,2015Q2
,23.155667,120.488685,45,70,1,1,2015Q2
,23.159927,120.134608,180,70,3,1,2015Q2
,23.160821,120.230927,180,110,1,1,2015Q2
,23.1735,121.242785,225,60,1,1,2015Q2
,23.562954,119.642735,90,50,1,1,2015Q2
,23.563886,119.58562,225,50,3,1,2015Q2
,23.565493,119.66695,90,50,3,1,2015Q2
,23.56585,121.517743,0,40,1,1,2015Q2
,23.565892,121.517764,180,40,1,1,2015Q2
,23.566698,121.382567,180,60,1,1,2015Q2
,23.566756,121.382571,0,60,1,1,2015Q2
,23.567396,120.282388,270,60,1,1,2015Q2
,23.568331,120.435605,180,50,1,1,2015Q2
,23.569359,119.602234,270,50,1,1,2015Q2
,23.570597,120.505523,180,110,1,1,2015Q2
,23.571726,119.614565,270,70,1,1,2015Q2
,23.572291,119.577221,270,50,3,1,2015Q2
,23.573068,120.437442,0,70,1,1,2015Q2
,23.576578,119.602801,225,50,1,1,2015Q2
,23.578045,120.42686,45,110,1,1,2015Q2
,23.579167,120.439737,225,70,1,1,2015Q2
,23.580099,121.383328,0,50,1,1,2015Q2
,23.582326,119.636778,135,50,1,1,2015Q2
,23.584655,119.608107,45,50,1,1,2015Q2
,23.587866,119.506603,180,50,1,1,2015Q2
,23.594199,120.302546,180,50,1,1,2015Q2
,23.594467,120.43364,180,110,1,1,2015Q2
,23.598186,119.509164,180,50,1,1,2015Q2
,23.598335,120.516307,270,50,1,1,2015Q2
,23.599513,119.613335,180,70,1,1,2015Q2
,23.601448,120.445787,0,50,3,1,2015Q2
,23.603463,120.305677,180,60,1,1,2015Q2
,23.60511,120.481499,90,50,1,1,2015Q2
,23.53953,120.292404,45,50,1,1,2015Q2
,23.543004,120.433321,0,50,1,1,2015Q2
,23.543232,120.433064,180,50,1,1,2015Q2
,23.548923,119.620263,45,50,1,1,2015Q2
,23.550519,119.614229,315,50,1,1,2015Q2
,23.555653,119.592267,45,60,1,1,2015Q2
,23.556945,120.433667,0,50,3,1,2015Q2
,23.557012,119.603597,135,70,1,1,2015Q2
,23.557574,120.432377,270,50,1,1,2015Q2
,23.557686,120.432088,90,50,1,1,2015Q2
,23.558604,120.398996,90,70,3,1,2015Q2
,23.559299,119.598687,315,70,3,1,2015Q2
,23.5603,120.323265,90,60,1,1,2015Q2
,23.560759,119.634711,45,50,1,1,2015Q2
,23.789293,120.709303,315,60,1,1,2015Q2
,23.789817,120.470786,315,50,1,1,2015Q2
,23.790629,120.470534,180,50,1,1,2015Q2
,23.790679,120.259032,90,70,3,1,2015Q2
,23.791636,120.236691,90,60,3,1,2015Q2
,23.792177,120.237299,270,60,3,1,2015Q2
,23.794815,121.457388,315,60,1,1,2015Q2
,23.794851,121.457366,135,60,1,1,2015Q2
,23.795482,120.215569,90,50,1,1,2015Q2
,23.795623,120.216139,225,50,3,1,2015Q2
,23.796136,120.278502,180,60,3,1,2015Q2
,23.797252,120.217522,45,50,1,1,2015Q2
,23.797763,120.217587,135,50,3,1,2015Q2
,23.79876,120.216335,225,50,1,1,2015Q2
,23.799961,120.655138,0,50,1,1,2015Q2
,23.800323,120.655114,90,50,1,1,2015Q2
,23.802437,120.219483,0,50,3,1,2015Q2
,23.808151,120.705157,45,40,1,1,2015Q2
,23.808248,120.705241,225,40,1,1,2015Q2
,23.809562,120.225245,225,50,3,1,2015Q2
,23.813972,120.22869,45,50,3,1,2015Q2
,23.814269,121.462398,90,50,1,1,2015Q2
,23.814605,120.229178,225,50,3,1,2015Q2
,23.815655,121.482297,90,70,1,1,2015Q2
,23.815769,121.482636,270,70,1,1,2015Q2
,23.817902,120.215165,270,50,1,1,2015Q2
,23.821289,120.811544,270,70,1,1,2015Q2
,23.822241,120.771725,90,70,1,1,2015Q2
,23.823426,120.721678,45,40,1,1,2015Q2
,23.823556,120.72193,225,40,1,1,2015Q2
,23.827696,120.797932,45,60,3,1,2015Q2
,23.828277,120.752579,135,70,1,1,2015Q2
,23.828333,120.752491,315,70,3,1,2015Q2
,23.829162,121.505592,225,70,1,1,2015Q2
,23.829195,121.505617,45,70,1,1,2015Q2
,23.829545,121.482044,225,70,1,1,2015Q2
,23.829587,121.482074,45,70,1,1,2015Q2
,23.830485,120.484994,0,110,1,1,2015Q2
,23.834758,121.509638,225,50,1,1,2015Q2
,23.835028,121.509834,45,50,1,1,2015Q2
,23.83503,120.730743,90,70,1,1,2015Q2
,23.844387,120.484229,180,110,1,1,2015Q2
,23.856838,120.498355,90,70,3,1,2015Q2
,23.857799,120.595745,135,60,1,1,2015Q2
,23.605786,121.392728,225,60,3,1,2015Q2
,23.611526,119.514856,0,70,1,1,2015Q2
,23.612126,119.60882,135,70,1,1,2015Q2
,23.612398,120.423655,45,50,1,1,2015Q2
,23.613014,120.433954,270,50,1,1,2015Q2
,23.624229,120.467975,180,70,1,1,2015Q2
,23.628498,121.404792,45,50,3,1,2015Q2
,23.632352,119.599216,270,50,1,1,2015Q2
,23.634617,119.597291,180,50,1,1,2015Q2
,23.636978,119.528522,90,70,1,1,2015Q2
,23.646843,121.534356,180,60,1,1,2015Q2
,23.646882,121.534367,0,60,1,1,2015Q2
,23.647546,120.471169,180,70,1,1,2015Q2
,23.649364,119.599542,180,50,1,1,2015Q2
,23.650996,121.416865,180,50,1,1,2015Q2
,23.655427,119.586224,315,60,1,1,2015Q2
,23.655522,120.240738,225,60,1,1,2015Q2
,23.658565,120.338012,270,60,1,1,2015Q2
,23.659828,119.562782,90,70,1,1,2015Q2
,23.665076,119.600081,0,50,3,1,2015Q2
,23.665498,119.576543,270,70,1,1,2015Q2
,23.66557,120.259018,135,40,3,1,2015Q2
,23.671478,120.392376,90,60,1,1,2015Q2
,23.675179,120.45006,315,100,1,1,2015Q2
,23.678453,121.41944,135,60,3,1,2015Q2
,23.67846,120.489941,225,50,1,1,2015Q2
,23.67957,120.480729,0,50,3,1,2015Q2
,23.680026,120.552608,315,60,1,1,2015Q2
,23.680434,120.480905,180,50,3,1,2015Q2
,23.683534,120.492586,90,60,1,1,2015Q2
,23.684984,120.300517,90,100,1,1,2015Q2
,23.691506,120.508236,45,70,3,1,2015Q2
,23.691779,120.508808,225,70,3,1,2015Q2
,23.69225,120.17736,180,60,3,1,2015Q2
,23.692922,120.598778,45,110,1,1,2015Q2
,23.696106,120.533561,90,60,1,1,2015Q2
,23.698613,120.324106,180,70,3,1,2015Q2
,23.700396,120.548533,270,60,1,1,2015Q2
,23.702208,121.413182,45,70,1,1,2015Q2
,23.702746,120.553439,45,60,1,1,2015Q2
,23.703949,120.200235,180,50,1,1,2015Q2
,23.704375,120.24929,180,60,3,1,2015Q2
,23.709125,120.541474,45,50,3,1,2015Q2
,23.710437,120.406511,225,70,1,1,2015Q2
,23.710626,120.476058,180,110,1,1,2015Q2
,23.712174,120.201,0,60,1,1,2015Q2
,23.717169,120.441259,135,60,3,1,2015Q2
,23.717221,120.441192,315,60,3,1,2015Q2
,23.719163,120.435903,90,60,3,1,2015Q2
,23.721377,120.253318,180,60,3,1,2015Q2
,23.727865,120.488786,45,60,3,1,2015Q2
,23.728426,120.489048,180,70,3,1,2015Q2
,23.735792,120.458313,270,60,1,1,2015Q2
,23.735987,120.396017,180,60,1,1,2015Q2
,23.73634,120.396018,0,60,1,1,2015Q2
,23.737547,120.598976,45,60,1,1,2015Q2
,23.741009,120.255365,90,70,3,1,2015Q2
,23.859061,121.50342,225,70,1,1,2015Q2
,23.859106,121.503452,45,70,1,1,2015Q2
,23.859971,120.694241,0,60,1,1,2015Q2
,23.863202,120.57503,315,60,3,1,2015Q2
,23.863286,120.574797,135,60,1,1,2015Q2
,23.863383,120.508173,45,70,1,1,2015Q2
,23.863681,121.530507,225,70,1,1,2015Q2
,23.863843,120.693358,180,60,1,1,2015Q2
,23.866652,120.438222,45,60,1,1,2015Q2
,23.866715,120.438287,225,70,3,1,2015Q2
,23.873116,120.587503,315,60,1,1,2015Q2
,23.87366,120.517312,45,60,1,1,2015Q2
,23.873728,120.517378,225,60,1,1,2015Q2
,23.875559,120.693398,0,60,1,1,2015Q2
,23.87744,120.51066,135,60,1,1,2015Q2
,23.878701,121.513658,225,60,3,1,2015Q2
,23.881125,121.600946,0,60,1,1,2015Q2
,23.881187,121.600956,180,60,1,1,2015Q2
,23.884261,120.473105,45,70,1,1,2015Q2
,23.886072,121.602117,0,60,1,1,2015Q2
,23.886105,121.602126,180,60,1,1,2015Q2
,23.888291,120.689875,315,60,1,1,2015Q2
,23.891642,120.529027,225,50,1,1,2015Q2
,23.893508,121.603818,180,60,1,1,2015Q2
,23.895173,120.533324,45,50,1,1,2015Q2
,23.896454,121.526858,0,70,1,1,2015Q2
,23.896552,121.526888,180,70,1,1,2015Q2
,23.897985,120.469986,315,70,1,1,2015Q2
,23.898234,120.469783,135,70,3,1,2015Q2
,23.899,121.56118,270,70,1,1,2015Q2
,23.899037,121.561259,90,70,1,1,2015Q2
,23.899057,120.462613,45,70,3,1,2015Q2
,23.902078,120.690914,45,60,3,1,2015Q2
,23.903752,120.30757,225,70,3,1,2015Q2
,23.906355,120.679951,0,60,3,1,2015Q2
,23.907148,120.926017,135,60,1,1,2015Q2
,23.910323,120.542503,45,70,1,1,2015Q2
,23.910404,120.542544,225,70,3,1,2015Q2
,23.915512,120.585115,0,60,1,1,2015Q2
,23.924564,120.572687,135,15,3,1,2015Q2
,23.932995,121.539266,45,60,1,1,2015Q2
,23.932995,121.539266,225,70,1,1,2015Q2
,23.936453,120.686163,135,50,1,1,2015Q2
,23.939579,121.543071,45,60,1,1,2015Q2
,23.93958,121.543072,225,70,1,1,2015Q2
,23.943269,120.622501,270,80,1,1,2015Q2
,23.944094,120.626382,90,80,1,1,2015Q2
,23.944372,120.931894,270,60,3,1,2015Q2
,23.944679,120.627192,270,80,1,1,2015Q2
,23.945655,120.630542,90,80,1,1,2015Q2
,23.948774,120.576027,270,40,1,1,2015Q2
,23.948966,120.9376,45,60,1,1,2015Q2
,23.950458,120.972719,45,40,1,1,2015Q2
,23.952166,120.645443,225,80,1,1,2015Q2
,23.954493,120.338374,225,70,1,1,2015Q2
,23.956592,120.669595,225,60,1,1,2015Q2
,23.9569,120.566673,180,60,1,1,2015Q2
,23.744469,121.452311,45,60,3,1,2015Q2
,23.750402,120.508643,135,60,3,1,2015Q2
,23.757237,120.668981,270,60,1,1,2015Q2
,23.757254,120.668875,90,60,1,1,2015Q2
,23.757591,121.453489,45,60,1,1,2015Q2
,23.757608,121.453496,225,60,1,1,2015Q2
,23.757619,120.679446,225,60,3,1,2015Q2
,23.757915,120.496661,180,70,3,1,2015Q2
,23.758974,120.178145,270,50,1,1,2015Q2
,23.760219,120.611543,45,60,3,1,2015Q2
,23.766623,120.50635,225,60,3,1,2015Q2
,23.770934,120.643609,315,60,1,1,2015Q2
,23.774241,120.197603,45,50,1,1,2015Q2
,23.774766,120.266871,0,60,3,1,2015Q2
,23.774846,120.628851,270,110,1,1,2015Q2
,23.777535,120.687865,90,110,1,1,2015Q2
,23.77882,120.445053,0,60,3,1,2015Q2
,23.780936,121.561061,0,60,1,1,2015Q2
,23.783354,120.205358,45,50,1,1,2015Q2
,23.788515,120.209936,45,50,1,1,2015Q2
,23.788718,120.270884,0,70,3,1,2015Q2
,23.789245,120.709317,135,60,1,1,2015Q2
,23.964259,120.346525,45,70,3,1,2015Q2
,23.968757,121.569676,225,60,3,1,2015Q2
,23.968761,121.569678,45,60,3,1,2015Q2
,23.969746,121.585745,270,60,3,1,2015Q2
,23.969775,121.585678,135,60,3,1,2015Q2
,23.972769,121.613115,225,40,3,1,2015Q2
,23.974316,121.615642,45,40,1,1,2015Q2
,23.974733,120.351979,45,70,3,1,2015Q2
,23.97498,120.680431,180,60,3,1,2015Q2
,23.97648,120.921816,135,70,3,1,2015Q2
,23.977358,121.581906,225,50,3,1,2015Q2
,23.977737,120.674169,270,50,1,1,2015Q2
,23.978824,120.698366,270,50,3,1,2015Q2
,23.979981,120.69259,180,40,3,1,2015Q2
,23.980595,120.914393,315,70,3,1,2015Q2
,23.981366,120.888997,270,100,1,1,2015Q2
,23.983342,120.617815,180,50,3,1,2015Q2
,23.983354,120.985507,90,100,1,1,2015Q2
,23.983669,120.79216,270,70,3,1,2015Q2
,23.984679,121.597182,270,15,1,1,2015Q2
,23.985988,120.763613,315,70,1,1,2015Q2
,23.987362,121.588107,225,50,3,1,2015Q2
,23.987721,120.678871,180,50,3,1,2015Q2
,23.988407,120.64966,135,70,1,1,2015Q2
,23.988734,120.722741,0,50,1,1,2015Q2
,23.988969,121.61008,180,50,1,1,2015Q2
,23.990692,120.668457,315,70,3,1,2015Q2
,23.992403,120.657208,0,70,3,1,2015Q2
,23.993098,120.576986,225,60,3,1,2015Q2
,23.994034,120.687863,225,60,3,1,2015Q2
,23.995124,120.679489,0,60,3,1,2015Q2
,23.995343,120.560074,315,70,1,1,2015Q2
,23.995392,120.658654,225,70,3,1,2015Q2
,23.995476,120.559987,135,70,1,1,2015Q2
,23.996015,120.679708,0,60,1,1,2015Q2
,23.996053,120.679553,180,60,3,1,2015Q2
,23.957166,121.55264,225,50,1,1,2015Q2
,23.957581,120.562091,180,40,3,1,2015Q2
,23.959419,121.570002,225,50,3,1,2015Q2
,23.959504,121.554185,45,50,1,1,2015Q2
,23.963532,120.655137,180,70,1,1,2015Q2
,23.963599,121.578881,270,70,1,1,2015Q2
,24.111705,120.67904,180,50,1,1,2015Q2
,24.113315,120.597185,315,110,1,1,2015Q2
,24.114951,120.491986,225,60,1,1,2015Q2
,24.117203,121.639092,225,70,1,1,2015Q2
,24.117313,120.657969,45,50,3,1,2015Q2
,24.119111,120.682351,270,50,1,1,2015Q2
,24.119111,120.682373,90,50,1,1,2015Q2
,24.122215,120.664133,45,50,1,1,2015Q2
,24.122255,120.664184,225,50,1,1,2015Q2
,24.122711,120.679318,180,50,3,1,2015Q2
,24.127598,120.629408,135,60,3,1,2015Q2
,24.128305,120.664493,225,50,1,1,2015Q2
,24.129411,120.620074,0,80,1,1,2015Q2
,24.129431,120.619858,180,80,1,1,2015Q2
,24.130107,120.490109,180,60,1,1,2015Q2
,24.133282,120.4895,180,60,1,1,2015Q2
,24.13436,120.646592,0,50,3,1,2015Q2
,24.134407,120.695739,45,50,1,1,2015Q2
,24.134438,120.695767,225,50,1,1,2015Q2
,24.135648,120.709231,180,50,1,1,2015Q2
,24.137036,120.710062,180,80,1,1,2015Q2
,24.137615,120.657342,180,50,1,1,2015Q2
,24.138504,120.608931,90,50,3,1,2015Q2
,24.138865,120.63071,135,50,1,1,2015Q2
,24.141179,120.666717,225,50,3,1,2015Q2
,24.144164,120.712038,45,50,1,1,2015Q2
,24.144584,120.657327,180,50,3,1,2015Q2
,24.144712,120.697419,315,50,1,1,2015Q2
,24.1468,120.548823,0,70,3,1,2015Q2
,24.147012,120.630173,135,50,1,1,2015Q2
,24.147183,120.623217,180,60,1,1,2015Q2
,24.149503,120.699509,45,50,1,1,2015Q2
,24.149936,120.714721,0,80,1,1,2015Q2
,24.151958,120.604412,135,60,1,1,2015Q2
,24.152357,120.698575,180,50,1,1,2015Q2
,24.153888,120.64663,180,50,3,1,2015Q2
,24.153936,120.725368,225,50,1,1,2015Q2
,24.153955,121.64909,0,60,1,1,2015Q2
,24.154022,121.649114,180,60,1,1,2015Q2
,24.154345,120.716646,225,50,1,1,2015Q2
,24.154911,120.610532,90,50,1,1,2015Q2
,24.155002,120.686477,225,50,1,1,2015Q2
,24.156983,120.659912,315,60,3,1,2015Q2
,24.158475,120.639845,135,60,1,1,2015Q2
,24.15859,120.63991,315,60,1,1,2015Q2
,24.160956,120.648341,225,50,1,1,2015Q2
,24.161175,120.617881,180,50,1,1,2015Q2
,24.162536,121.652323,180,60,1,1,2015Q2
,24.16317,120.68127,270,50,1,1,2015Q2
,24.163468,120.717714,90,60,1,1,2015Q2
,23.996392,120.722442,180,50,1,1,2015Q2
,23.996503,120.663779,135,70,1,1,2015Q2
,23.997162,120.801769,225,100,1,1,2015Q2
,23.998476,120.650321,0,110,1,1,2015Q2
,23.999995,120.478163,45,60,1,1,2015Q2
,24.000177,120.478298,225,60,1,1,2015Q2
,24.002293,121.599899,225,60,3,1,2015Q2
,24.002836,120.677999,315,60,3,1,2015Q2
,24.006494,121.618072,135,50,1,1,2015Q2
,24.006722,121.611978,90,50,1,1,2015Q2
,24.007391,121.622462,225,50,1,1,2015Q2
,24.008026,120.649842,315,70,3,1,2015Q2
,24.008972,120.81839,0,70,1,1,2015Q2
,24.013087,120.551194,315,70,3,1,2015Q2
,24.013157,120.696879,315,40,3,1,2015Q2
,24.016732,120.488663,225,60,3,1,2015Q2
,24.018878,121.609679,180,50,1,1,2015Q2
,24.019572,120.54676,135,70,1,1,2015Q2
,24.019734,120.539092,90,15,1,1,2015Q2
,24.019848,120.539374,225,15,1,1,2015Q2
,24.021287,120.558034,225,70,3,1,2015Q2
,24.027449,120.840453,270,70,1,1,2015Q2
,24.032978,121.605897,0,70,3,1,2015Q2
,24.03531,120.443153,180,70,3,1,2015Q2
,24.036877,120.682768,315,70,1,1,2015Q2
,24.037527,120.681868,135,70,1,1,2015Q2
,24.046361,120.62203,180,70,1,1,2015Q2
,24.046724,120.46527,45,60,1,1,2015Q2
,24.046745,120.465364,225,60,3,1,2015Q2
,24.048638,120.523767,180,110,1,1,2015Q2
,24.048759,120.43038,315,50,1,1,2015Q2
,24.049805,120.494128,90,60,1,1,2015Q2
,24.050015,120.510994,45,60,3,1,2015Q2
,24.051233,121.605084,0,70,1,1,2015Q2
,24.063412,120.592799,0,70,3,1,2015Q2
,24.064075,121.6071,180,70,1,1,2015Q2
,24.070377,120.63981,315,110,1,1,2015Q2
,24.070884,120.552765,270,50,3,1,2015Q2
,24.072558,121.608424,0,70,1,1,2015Q2
,24.072611,121.608432,180,70,1,1,2015Q2
,24.072654,120.440536,45,70,1,1,2015Q2
,24.074443,120.592978,0,70,1,1,2015Q2
,24.07539,120.699909,0,50,1,1,2015Q2
,24.077831,120.544431,45,50,3,1,2015Q2
,24.083984,120.552188,90,50,1,1,2015Q2
,24.084982,120.531254,225,70,3,1,2015Q2
,24.086177,120.648106,180,60,3,1,2015Q2
,24.08697,120.678423,225,50,1,1,2015Q2
,24.087068,120.678354,225,50,1,1,2015Q2
,24.087599,120.544593,0,50,3,1,2015Q2
,24.087876,120.544477,180,50,3,1,2015Q2
,24.088414,120.447452,45,70,1,1,2015Q2
,24.08963,120.66429,180,70,1,1,2015Q2
,24.090515,120.664546,0,70,1,1,2015Q2
,24.092278,120.448322,180,70,1,1,2015Q2
,24.093796,120.549848,0,40,1,1,2015Q2
,24.163501,120.719319,180,50,3,1,2015Q2
,24.164633,120.646001,135,60,3,1,2015Q2
,24.164733,120.685043,0,50,1,1,2015Q2
,24.16736,120.631117,45,60,1,1,2015Q2
,24.167413,120.630977,225,60,1,1,2015Q2
,24.167689,120.733297,0,50,1,1,2015Q2
,24.169629,120.542361,180,70,3,1,2015Q2
,24.171752,120.620922,45,50,1,1,2015Q2
,24.172579,120.660707,180,50,3,1,2015Q2
,24.176265,120.543221,180,70,1,1,2015Q2
,24.176536,120.738375,225,50,3,1,2015Q2
,24.176565,120.710706,180,50,1,1,2015Q2
,24.176629,120.578919,90,60,1,1,2015Q2
,24.177436,120.548104,45,110,1,1,2015Q2
,24.180967,120.724859,315,50,1,1,2015Q2
,24.181045,120.61953,135,50,3,1,2015Q2
,24.181974,120.674249,45,50,1,1,2015Q2
,24.181986,120.597653,90,50,1,1,2015Q2
,24.182058,120.600149,90,40,1,1,2015Q2
,24.186849,120.612689,90,50,1,1,2015Q2
,24.18786,120.57874,45,60,1,1,2015Q2
,24.188092,120.718318,180,50,1,1,2015Q2
,24.190184,120.612893,90,50,1,1,2015Q2
,24.190665,120.560957,225,110,1,1,2015Q2
,24.192807,120.671474,315,50,3,1,2015Q2
,24.19286,120.579935,0,70,1,1,2015Q2
,24.192952,120.642566,45,60,1,1,2015Q2
,24.195078,120.644853,225,80,1,1,2015Q2
,24.195965,120.59473,180,50,1,1,2015Q2
,24.197196,120.650027,90,80,1,1,2015Q2
,24.198046,120.748973,225,50,1,1,2015Q2
,24.198863,120.514287,180,60,3,1,2015Q2
,24.200522,120.709939,90,80,1,1,2015Q2
,24.200674,120.709944,270,80,1,1,2015Q2
,24.201701,120.569476,315,50,1,1,2015Q2
,24.202055,120.628025,225,50,1,1,2015Q2
,24.202984,120.606717,45,50,1,1,2015Q2
,24.203322,120.68661,180,60,1,1,2015Q2
,24.203561,120.610865,0,60,3,1,2015Q2
,24.205225,120.631954,315,60,1,1,2015Q2
,24.207434,120.621707,135,60,1,1,2015Q2
,24.209297,120.72177,180,50,1,1,2015Q2
,24.209964,120.559502,135,60,1,1,2015Q2
,24.210117,120.559616,315,60,1,1,2015Q2
,24.210641,120.722021,0,50,1,1,2015Q2
,24.210947,120.620021,180,60,3,1,2015Q2
,24.211583,120.66917,45,110,1,1,2015Q2
,24.213945,120.672733,225,110,1,1,2015Q2
,24.215307,120.705166,0,50,3,1,2015Q2
,24.215699,120.688031,0,60,3,1,2015Q2
,24.216176,120.673914,225,50,1,1,2015Q2
,24.2169,120.580502,0,60,3,1,2015Q2
,24.221663,120.837184,180,60,3,1,2015Q2
,24.223061,120.578534,315,60,3,1,2015Q2
,24.225322,120.57709,315,60,3,1,2015Q2
,24.228949,120.59056,225,110,1,1,2015Q2
,24.229567,120.708473,0,60,3,1,2015Q2
,24.093944,120.639383,315,60,1,1,2015Q2
,24.094642,120.58311,315,70,3,1,2015Q2
,24.098317,120.556954,90,70,3,1,2015Q2
,24.09859,120.576005,90,70,1,1,2015Q2
,24.099192,120.524394,315,60,3,1,2015Q2
,24.101708,120.557984,45,110,1,1,2015Q2
,24.104807,120.651908,0,50,3,1,2015Q2
,24.106083,121.618999,225,70,3,1,2015Q2
,24.106384,120.665558,135,60,3,1,2015Q2
,24.106758,120.613815,90,70,1,1,2015Q2
,24.107041,120.650051,135,50,3,1,2015Q2
,24.108543,120.607287,270,70,3,1,2015Q2
,24.10998,120.660754,135,50,1,1,2015Q2
,24.11092,120.607294,180,40,1,1,2015Q2
,24.111025,120.648388,270,60,1,1,2015Q2
,24.229858,120.690866,0,60,1,1,2015Q2
,24.233122,120.572145,315,60,1,1,2015Q2
,24.23534,120.593645,0,110,1,1,2015Q2
,24.236717,120.548496,225,70,1,1,2015Q2
,24.237814,120.834761,180,60,3,1,2015Q2
,24.238452,120.567772,90,60,3,1,2015Q2
,24.239591,120.712719,270,50,3,1,2015Q2
,24.239606,120.712288,90,50,3,1,2015Q2
,24.240312,120.515604,225,60,3,1,2015Q2
,24.240773,120.674477,225,60,1,1,2015Q2
,24.240825,120.674735,45,60,1,1,2015Q2
,24.241612,120.570957,225,60,3,1,2015Q2
,24.242506,120.556757,270,70,3,1,2015Q2
,24.246036,120.609416,315,70,1,1,2015Q2
,24.2502,120.584718,270,60,1,1,2015Q2
,24.252107,120.521012,45,60,1,1,2015Q2
,24.253482,120.574971,315,60,1,1,2015Q2
,24.255098,120.522608,315,50,1,1,2015Q2
,24.256949,120.706522,45,60,1,1,2015Q2
,24.256977,120.706549,225,60,1,1,2015Q2
,24.258054,120.539627,180,60,3,1,2015Q2
,24.260602,120.723645,90,50,1,1,2015Q2
,24.261136,120.736966,225,50,1,1,2015Q2
,24.267759,121.740482,0,50,1,1,2015Q2
,24.268114,120.566583,45,70,3,1,2015Q2
,24.271186,120.564922,270,60,3,1,2015Q2
,24.272215,121.741911,225,60,3,1,2015Q2
,24.272944,120.790981,135,70,3,1,2015Q2
,24.27324,120.693067,180,110,1,1,2015Q2
,24.27412,120.779219,270,70,1,1,2015Q2
,24.274655,120.783673,270,70,3,1,2015Q2
,24.274811,120.774067,270,70,3,1,2015Q2
,24.274911,120.773501,90,70,3,1,2015Q2
,24.276888,120.759664,270,50,1,1,2015Q2
,24.278456,120.575581,225,70,3,1,2015Q2
,24.284777,120.722781,180,60,1,1,2015Q2
,24.291473,120.587491,225,70,1,1,2015Q2
,24.291699,120.800237,225,60,1,1,2015Q2
,24.293199,120.602051,0,110,1,1,2015Q2
,24.293855,120.552407,270,70,3,1,2015Q2
,24.297011,120.563997,90,70,3,1,2015Q2
,24.30214,121.750652,315,50,1,1,2015Q2
,24.570895,120.852803,225,100,1,1,2015Q2
,24.578763,120.803692,270,60,1,1,2015Q2
,24.59077,120.778306,45,110,1,1,2015Q2
,24.590847,121.859272,315,60,1,1,2015Q2
,24.591577,120.860483,180,100,1,1,2015Q2
,24.594869,120.789594,135,60,1,1,2015Q2
,24.607472,120.832248,225,60,3,1,2015Q2
,24.611946,121.852697,315,70,1,1,2015Q2
,24.611971,121.852669,135,70,1,1,2015Q2
,24.614011,120.794716,45,60,3,1,2015Q2
,24.615439,121.821116,270,70,1,1,2015Q2
,24.624528,120.847527,90,50,1,1,2015Q2
,24.624625,120.848016,270,50,1,1,2015Q2
,24.633486,121.806547,180,90,1,1,2015Q2
,24.637602,120.783405,45,80,3,1,2015Q2
,24.639546,120.955835,0,60,3,1,2015Q2
,24.645707,121.785442,135,60,1,1,2015Q2
,24.646941,120.84498,45,70,1,1,2015Q2
,24.653559,120.882807,0,60,1,1,2015Q2
,24.65369,120.852272,45,70,3,1,2015Q2
,24.661994,120.878875,270,70,3,1,2015Q2
,24.663339,120.882346,45,70,1,1,2015Q2
,24.663854,120.823521,180,50,1,1,2015Q2
,24.664898,121.828248,0,60,1,1,2015Q2
,24.666201,120.965621,0,60,1,1,2015Q2
,24.667222,121.697852,90,60,1,1,2015Q2
,24.6702,121.712107,270,60,1,1,2015Q2
,24.671546,120.870948,90,60,3,1,2015Q2
,24.671851,120.855448,315,60,1,1,2015Q2
,24.672557,121.789584,90,60,1,1,2015Q2
,24.673377,121.805413,270,60,1,1,2015Q2
,24.673968,120.89102,45,60,1,1,2015Q2
,24.677274,121.677171,90,60,1,1,2015Q2
,24.680031,120.948511,90,50,1,1,2015Q2
,24.680373,121.793165,135,60,1,1,2015Q2
,24.680584,121.761288,270,40,1,1,2015Q2
,24.680585,121.761246,90,40,1,1,2015Q2
,24.681884,120.956933,225,50,1,1,2015Q2
,24.683078,120.894881,90,60,1,1,2015Q2
,24.683637,121.792613,0,60,3,1,2015Q2
,24.685316,120.936033,315,50,1,1,2015Q2
,24.687053,121.718274,225,60,1,1,2015Q2
,24.689123,121.791074,180,60,3,1,2015Q2
,24.689857,120.924238,315,50,1,1,2015Q2
,24.690126,120.923767,135,50,1,1,2015Q2
,24.690709,120.88548,180,60,1,1,2015Q2
,24.691606,121.03167,225,60,1,1,2015Q2
,24.692048,120.853413,225,110,1,1,2015Q2
,24.692173,120.901435,135,50,1,1,2015Q2
,24.692199,120.901607,315,50,1,1,2015Q2
,24.692783,120.87692,270,60,3,1,2015Q2
,24.693777,120.860073,45,40,1,1,2015Q2
,24.693863,120.86002,45,40,1,1,2015Q2
,24.694692,120.978391,45,60,1,1,2015Q2
,24.695937,120.857585,45,110,1,1,2015Q2
,24.69606,121.728762,315,60,1,1,2015Q2
,24.302704,120.633339,315,100,1,1,2015Q2
,24.313833,121.745355,135,50,1,1,2015Q2
,24.319857,120.73214,315,50,1,1,2015Q2
,24.324581,120.823834,180,60,3,1,2015Q2
,24.330171,120.628017,225,110,1,1,2015Q2
,24.335294,120.730647,180,60,1,1,2015Q2
,24.347087,120.617094,180,60,1,1,2015Q2
,24.349833,120.578021,45,80,1,1,2015Q2
,24.354117,120.618674,45,60,1,1,2015Q2
,24.356861,120.622779,270,60,1,1,2015Q2
,24.370703,120.746411,225,100,1,1,2015Q2
,24.37772,120.591657,180,80,1,1,2015Q2
,24.378695,120.749928,225,60,1,1,2015Q2
,24.379942,120.685838,135,60,1,1,2015Q2
,24.382835,120.65169,180,70,1,1,2015Q2
,24.394654,120.671228,315,50,3,1,2015Q2
,24.397737,120.866623,225,60,3,1,2015Q2
,24.408787,120.643469,0,70,3,1,2015Q2
,24.409515,120.865279,0,60,1,1,2015Q2
,24.410734,120.615533,45,80,1,1,2015Q2
,24.414554,118.304412,225,50,1,1,2015Q2
,24.416215,118.33171,225,60,1,1,2015Q2
,24.419215,120.655113,135,50,1,1,2015Q2
,24.425657,118.342179,45,60,1,1,2015Q2
,24.428803,120.867643,45,60,3,1,2015Q2
,24.43592804,118.3556098,90,60,1,1,2015Q2
,24.43592804,118.3556098,270,60,1,1,2015Q2
,24.437735,118.402888,45,50,1,1,2015Q2
,24.441045,118.369685,225,60,1,1,2015Q2
,24.441088,118.340433,225,70,1,1,2015Q2
,24.443376,120.648033,225,60,1,1,2015Q2
,24.445974,118.365717,90,70,1,1,2015Q2
,24.446415,120.653335,225,50,1,1,2015Q2
,24.448678,118.309772,315,50,1,1,2015Q2
,24.449496,120.652733,90,60,1,1,2015Q2
,24.44971,118.338067,270,60,1,1,2015Q2
,24.452806,120.678388,180,110,1,1,2015Q2
,24.45330059,118.3578222,45,60,1,1,2015Q2
,24.45330892,118.3578722,225,60,1,1,2015Q2
,24.458959,118.431696,225,60,1,1,2015Q2
,24.461444,120.78782,0,100,1,1,2015Q2
,24.462729,121.794303,90,50,1,1,2015Q2
,24.467532,121.806414,225,50,1,1,2015Q2
,24.469755,120.666429,45,60,1,1,2015Q2
,24.470048,118.391796,45,60,1,1,2015Q2
,24.476808,118.419022,45,60,1,1,2015Q2
,24.477511,120.809092,315,80,1,1,2015Q2
,24.478856,120.781337,180,60,3,1,2015Q2
,24.481622,118.402337,225,60,1,1,2015Q2
,24.481702,120.68384,225,60,1,1,2015Q2
,24.494392,120.781493,225,60,1,1,2015Q2
,24.496494,120.698922,270,60,1,1,2015Q2
,24.498881,120.808763,45,60,3,1,2015Q2
,24.512171,120.835302,180,60,3,1,2015Q2
,24.514964,120.720704,225,110,1,1,2015Q2
,24.52246,120.792942,45,60,1,1,2015Q2
,24.697513,120.864629,225,80,3,1,2015Q2
,24.697903,121.727955,135,60,1,1,2015Q2
,24.700837,121.74217,90,50,1,1,2015Q2
,24.702079,120.921023,225,60,3,1,2015Q2
,24.707486,121.709543,270,60,1,1,2015Q2
,24.709428,121.810094,270,60,1,1,2015Q2
,24.710735,121.76604,90,60,1,1,2015Q2
,24.713729,120.922011,315,70,1,1,2015Q2
,24.714123,121.738495,45,60,1,1,2015Q2
,24.715094,120.893907,225,110,1,1,2015Q2
,24.717416,121.718568,0,60,1,1,2015Q2
,24.717759,121.700522,90,60,1,1,2015Q2
,24.718943,121.748015,270,60,1,1,2015Q2
,24.719271,121.802123,90,50,1,1,2015Q2
,24.719756,120.915844,90,70,1,1,2015Q2
,24.719801,121.717971,180,60,1,1,2015Q2
,24.720247,121.783371,270,50,1,1,2015Q2
,24.720434,121.116472,270,60,1,1,2015Q2
,24.72338,120.904599,0,60,1,1,2015Q2
,24.723889,121.078492,45,50,1,1,2015Q2
,24.726885,120.94546,90,100,1,1,2015Q2
,24.727563,121.808288,315,60,1,1,2015Q2
,24.73053,121.819198,180,60,1,1,2015Q2
,24.731552,120.915516,315,60,1,1,2015Q2
,24.732501,120.914819,135,60,1,1,2015Q2
,24.73269,121.716402,180,60,1,1,2015Q2
,24.736305,120.968913,225,100,1,1,2015Q2
,24.737783,121.761151,315,60,1,1,2015Q2
,24.742433,120.908296,315,60,3,1,2015Q2
,24.742492,120.922643,45,110,1,1,2015Q2
,24.743671,121.771632,180,70,3,1,2015Q2
,24.74404,121.781784,0,60,1,1,2015Q2
,24.746447,120.925693,225,110,1,1,2015Q2
,24.748513,121.77155,0,70,1,1,2015Q2
,24.75012,121.757067,270,15,3,1,2015Q2
,24.750147,121.756728,90,15,3,1,2015Q2
,24.752558,121.075851,135,50,1,1,2015Q2
,24.757004,121.771325,225,70,1,1,2015Q2
,24.758936,121.815497,180,60,1,1,2015Q2
,24.760615,121.759857,180,50,1,1,2015Q2
,24.76267,120.913075,225,50,1,1,2015Q2
,24.76267,120.913229,45,50,1,1,2015Q2
,24.762737,120.96178,45,40,3,1,2015Q2
,24.765496,121.172837,0,50,1,1,2015Q2
,24.765805,121.082155,315,60,3,1,2015Q2
,24.766901,121.778552,180,60,3,1,2015Q2
,24.767113,121.770492,0,70,3,1,2015Q2
,24.767473,120.997359,225,50,1,1,2015Q2
,24.767787,120.915826,225,50,3,1,2015Q2
,24.770679,121.02665,315,50,3,1,2015Q2
,24.77209,121.009524,225,50,1,1,2015Q2
,24.774171,120.998792,135,50,1,1,2015Q2
,24.774649,121.07385,315,60,3,1,2015Q2
,24.774837,120.997753,315,50,1,1,2015Q2
,24.774919,120.953494,180,70,3,1,2015Q2
,24.775117,121.176179,180,50,1,1,2015Q2
,24.775989,121.013525,270,50,3,1,2015Q2
,24.544516,120.923128,225,60,1,1,2015Q2
,24.549809,120.69935,45,70,1,1,2015Q2
,24.550526,120.814002,0,50,1,1,2015Q2
,24.551238,120.831401,225,70,1,1,2015Q2
,24.551289,120.831442,45,70,1,1,2015Q2
,24.557786,120.813817,180,50,1,1,2015Q2
,24.557954,120.813869,0,50,1,1,2015Q2
,24.563829,120.709806,45,60,3,1,2015Q2
,24.568989,120.711818,225,60,3,1,2015Q2
,24.981347,121.428281,315,50,3,1,2015Q2
,24.981365,121.425617,0,40,3,1,2015Q2
,24.983859,121.43942,180,50,1,1,2015Q2
,24.984132,121.525883,225,60,1,1,2015Q2
,24.984582,121.187211,135,50,1,1,2015Q2
,24.984603,121.412825,45,50,3,1,2015Q2
,24.984898,121.540643,180,50,3,1,2015Q2
,24.985114,121.554086,180,50,3,1,2015Q2
,24.985332,121.222309,180,50,1,1,2015Q2
,24.986011,121.516132,135,50,1,1,2015Q2
,24.986749,121.545608,90,50,3,1,2015Q2
,24.986843,121.323794,90,30,3,1,2015Q2
,24.986954,121.324151,270,30,3,1,2015Q2
,24.98741,121.044627,270,50,1,1,2015Q2
,24.987431,121.18933,45,70,1,1,2015Q2
,24.987681,121.123064,315,80,3,1,2015Q2
,24.987853,121.122516,135,80,3,1,2015Q2
,24.988461,121.190021,225,70,1,1,2015Q2
,24.989058,121.031019,225,70,3,1,2015Q2
,24.989172,121.446473,45,50,3,1,2015Q2
,24.989382,121.415682,45,50,3,1,2015Q2
,24.989636,121.235532,315,50,1,1,2015Q2
,24.989728,121.539665,0,50,1,1,2015Q2
,24.990169,121.261656,90,50,1,1,2015Q2
,24.99099,121.175484,135,50,1,1,2015Q2
,24.991122,121.033187,45,70,3,1,2015Q2
,24.991153,121.293071,90,50,1,1,2015Q2
,24.991515,121.221671,0,50,1,1,2015Q2
,24.991729,121.551287,135,50,1,1,2015Q2
,24.992161,121.533395,225,40,1,1,2015Q2
,24.992717,121.540658,180,50,1,1,2015Q2
,24.992937,121.111939,315,80,3,1,2015Q2
,24.99302,121.11154,135,80,3,1,2015Q2
,24.993405,121.592901,180,90,1,1,2015Q2
,24.993472,121.505704,270,70,1,1,2015Q2
,24.99401,121.491482,90,70,1,1,2015Q2
,24.994129,121.419225,45,50,3,1,2015Q2
,24.994554,121.419577,225,50,1,1,2015Q2
,24.994579,121.652571,315,90,1,1,2015Q2
,24.99636,121.231843,0,50,1,1,2015Q2
,24.997389,121.283236,180,100,1,1,2015Q2
,24.997603,121.422308,45,50,3,1,2015Q2
,24.998607,121.423049,225,50,3,1,2015Q2
,24.998931,121.61665,225,60,1,1,2015Q2
,24.999365,121.53531,0,60,1,1,2015Q2
,24.999386,121.535228,180,60,1,1,2015Q2
,24.99966,121.603523,135,60,1,1,2015Q2
,24.776342,121.002583,135,50,3,1,2015Q2
,24.777834,121.045437,315,50,1,1,2015Q2
,24.778961,121.010637,315,50,1,1,2015Q2
,24.780719,121.006211,90,50,3,1,2015Q2
,24.780866,120.997217,0,50,3,1,2015Q2
,24.7812,120.919263,0,50,3,1,2015Q2
,24.781872,120.991831,0,50,1,1,2015Q2
,24.781892,121.001472,90,50,3,1,2015Q2
,24.783943,121.00674,0,50,3,1,2015Q2
,24.784878,120.920596,225,50,3,1,2015Q2
,24.786413,121.008324,270,40,1,1,2015Q2
,24.787106,120.948844,315,70,3,1,2015Q2
,24.78728,121.009878,135,50,3,1,2015Q2
,24.788199,120.982512,315,50,1,1,2015Q2
,24.788628,120.929717,45,50,1,1,2015Q2
,24.789881,121.78035,0,90,1,1,2015Q2
,24.790064,121.784262,0,60,1,1,2015Q2
,24.790342,120.976932,270,50,1,1,2015Q2
,24.793317,120.919314,0,80,1,1,2015Q2
,24.793553,120.945351,90,50,3,1,2015Q2
,24.793727,121.038351,135,90,1,1,2015Q2
,24.794914,120.972693,225,50,3,1,2015Q2
,24.794953,121.035876,315,90,1,1,2015Q2
,24.79582,120.998144,315,50,3,1,2015Q2
,24.79643,120.95213,90,50,3,1,2015Q2
,24.797762,121.054429,135,60,1,1,2015Q2
,24.798957,120.993287,90,50,3,1,2015Q2
,24.799693,121.816511,0,60,1,1,2015Q2
,24.800146,120.990082,270,50,1,1,2015Q2
,24.801049,120.986913,90,50,3,1,2015Q2
,24.803361,121.190773,45,60,1,1,2015Q2
,24.803813,120.977038,270,50,1,1,2015Q2
,24.803897,121.191901,225,60,1,1,2015Q2
,24.805094,120.955526,180,50,3,1,2015Q2
,24.805944,120.973681,135,50,1,1,2015Q2
,24.80721,121.150146,270,110,1,1,2015Q2
,24.807619,120.957868,45,50,1,1,2015Q2
,24.812665,120.965727,45,50,1,1,2015Q2
,24.814078,120.922597,0,50,3,1,2015Q2
,24.814853,120.985615,0,50,1,1,2015Q2
,24.815885,120.993484,45,50,1,1,2015Q2
,24.815936,121.115806,270,60,1,1,2015Q2
,24.817936,120.965524,225,40,1,1,2015Q2
,24.818024,120.965435,225,40,1,1,2015Q2
,24.819036,120.924579,225,50,3,1,2015Q2
,24.820779,120.967997,225,40,3,1,2015Q2
,24.822133,121.093727,135,60,1,1,2015Q2
,24.823673,121.820608,180,60,1,1,2015Q2
,24.825006,120.975544,90,40,1,1,2015Q2
,24.82531,121.05763,270,60,1,1,2015Q2
,24.825447,121.249476,90,60,1,1,2015Q2
,24.825708,121.237363,90,60,1,1,2015Q2
,24.826115,120.997584,45,50,1,1,2015Q2
,24.826157,120.997425,180,50,1,1,2015Q2
,24.826325,121.186467,45,40,1,1,2015Q2
,24.827456,120.927383,135,50,3,1,2015Q2
,25.000035,121.426657,315,40,1,1,2015Q2
,25.000441,121.426136,315,50,1,1,2015Q2
,25.001157,121.589032,135,50,1,1,2015Q2
,25.001501,121.539018,180,50,1,1,2015Q2
,25.001611,121.34297,270,50,3,1,2015Q2
,25.001984,121.441002,180,50,1,1,2015Q2
,25.002691,121.152899,315,60,1,1,2015Q2
,25.003004,121.584337,270,50,1,1,2015Q2
,25.003904,121.213512,45,50,3,1,2015Q2
,25.004999,121.312579,180,50,1,1,2015Q2
,25.005054,121.57859,315,80,1,1,2015Q2
,25.005474,121.441398,180,50,1,1,2015Q2
,25.006173,121.631335,225,60,3,1,2015Q2
,25.006361,121.451883,0,80,1,1,2015Q2
,25.006746,121.324484,225,50,1,1,2015Q2
,25.007357,121.258686,225,100,1,1,2015Q2
,25.008279,121.448714,225,50,1,1,2015Q2
,25.008937,121.374837,90,50,1,1,2015Q2
,25.00906,121.48207,315,70,1,1,2015Q2
,25.009247,121.581267,180,70,1,1,2015Q2
,25.009689,121.55738,135,50,1,1,2015Q2
,25.010749,121.563368,315,80,1,1,2015Q2
,25.010838,121.488962,135,50,1,1,2015Q2
,25.011109,121.478495,135,70,1,1,2015Q2
,25.011207,121.38961,180,50,1,1,2015Q2
,25.011422,121.34689,45,60,3,1,2015Q2
,25.011741,121.264619,45,100,1,1,2015Q2
,25.011855,121.377615,270,50,3,1,2015Q2
,25.011925,121.386195,90,50,1,1,2015Q2
,25.012908,121.476093,315,50,1,1,2015Q2
,25.013282,121.522142,135,50,1,1,2015Q2
,25.013315,121.504681,225,50,1,1,2015Q2
,25.013372,121.522229,315,50,1,1,2015Q2
,25.013878,121.217037,45,60,1,1,2015Q2
,25.014164,121.271775,135,50,1,1,2015Q2
,25.015084,121.410797,315,50,3,1,2015Q2
,25.016726,121.524894,135,60,1,1,2015Q2
,25.01694,121.543922,45,40,1,1,2015Q2
,25.017039,121.052081,225,70,1,1,2015Q2
,25.017108,121.698665,180,40,1,1,2015Q2
,25.017129,121.449482,135,50,1,1,2015Q2
,25.017255,121.409183,135,50,3,1,2015Q2
,25.017307,121.548709,315,50,1,1,2015Q2
,25.017501,121.94094,135,50,1,1,2015Q2
,25.017903,121.074863,315,80,1,1,2015Q2
,25.018055,121.074276,135,80,1,1,2015Q2
,25.018428,121.545765,45,60,1,1,2015Q2
,25.018938,121.471576,225,50,3,1,2015Q2
,25.019041,121.44608,225,50,1,1,2015Q2
,25.019138,121.497162,225,50,1,1,2015Q2
,25.01928,121.79363,135,50,1,1,2015Q2
,25.019961,121.070726,315,80,3,1,2015Q2
,25.020028,121.534059,0,50,1,1,2015Q2
,25.020101,121.070308,135,80,3,1,2015Q2
,25.020115,121.445863,135,80,1,1,2015Q2
,25.020485,121.362565,225,60,3,1,2015Q2
,25.021036,121.350375,225,60,3,1,2015Q2
,25.021075,121.542919,90,50,1,1,2015Q2
,25.021266,121.540972,90,50,1,1,2015Q2
,25.021445,121.5066,225,60,1,1,2015Q2
,25.021832,121.484225,225,50,1,1,2015Q2
,25.022291,121.441166,45,50,1,1,2015Q2
,25.022548,121.554375,135,50,1,1,2015Q2
,25.022872,121.98011,135,60,1,1,2015Q2
,25.023192,121.732872,90,40,1,1,2015Q2
,25.023665,121.475405,225,60,3,1,2015Q2
,25.024682,121.413236,315,60,3,1,2015Q2
,25.024696,121.639398,315,90,1,1,2015Q2
,25.025025,121.548685,180,50,1,1,2015Q2
,25.025086,121.926291,0,50,1,1,2015Q2
,25.025123,121.062497,315,80,3,1,2015Q2
,25.025232,121.412748,180,60,3,1,2015Q2
,25.025446,121.087242,225,70,3,1,2015Q2
,25.025663,121.492337,45,50,1,1,2015Q2
,25.026016,121.484229,315,70,1,1,2015Q2
,25.02622,121.537591,180,70,1,1,2015Q2
,25.02664,121.526789,90,50,1,1,2015Q2
,25.027571,121.515794,180,50,1,1,2015Q2
,25.027688,121.354177,45,60,1,1,2015Q2
,25.027912,121.537978,0,50,1,1,2015Q2
,25.028005,121.500479,180,50,3,1,2015Q2
,25.028299,121.46498,135,60,1,1,2015Q2
,25.02846,121.465422,315,60,1,1,2015Q2
,25.028626,121.276341,315,40,1,1,2015Q2
,25.028735,121.51566,315,50,1,1,2015Q2
,25.028925,121.51232,315,50,1,1,2015Q2
,25.029695,121.375283,225,60,1,1,2015Q2
,25.029838,121.611063,45,90,1,1,2015Q2
,25.029961,121.053276,225,50,1,1,2015Q2
,25.029972,121.496272,45,50,3,1,2015Q2
,25.030084,121.400822,135,50,1,1,2015Q2
,25.03024,121.533697,180,50,1,1,2015Q2
,25.030334,121.493272,45,50,3,1,2015Q2
,25.030427,121.489799,90,50,1,1,2015Q2
,25.031585,121.571885,0,50,1,1,2015Q2
,25.031804,121.397665,135,50,1,1,2015Q2
,25.032923,121.630373,315,90,1,1,2015Q2
,25.033002,121.49659,270,50,1,1,2015Q2
,25.033354,121.50242,270,50,1,1,2015Q2
,25.034362,121.476241,225,50,3,1,2015Q2
,25.035204,121.497262,90,50,3,1,2015Q2
,25.03528,121.516645,180,50,1,1,2015Q2
,25.035557,121.55755,180,50,1,1,2015Q2
,25.035964,121.478982,270,50,1,1,2015Q2
,25.036177,121.56828,180,50,1,1,2015Q2
,25.036208,121.561372,225,30,1,1,2015Q2
,25.037075,121.474912,45,50,1,1,2015Q2
,25.037255,121.461127,0,50,1,1,2015Q2
,25.037644,121.386617,225,50,1,1,2015Q2
,25.03821,121.530137,270,50,1,1,2015Q2
,25.039043,121.50743,0,50,3,1,2015Q2
,25.039322,121.528802,0,50,1,1,2015Q2
,25.039848,121.926652,180,60,1,1,2015Q2
,25.039951,121.926611,0,60,1,1,2015Q2
,25.039977,121.268149,180,50,3,1,2015Q2
,25.040068,121.507463,225,50,1,1,2015Q2
,25.040203,121.465432,45,50,1,1,2015Q2
,25.040923,121.466899,225,50,1,1,2015Q2
,25.040953,121.570481,90,50,1,1,2015Q2
,25.041237,121.376356,180,50,1,1,2015Q2
,25.041354,121.559976,270,50,1,1,2015Q2
,25.041472,121.370672,135,50,1,1,2015Q2
,25.041914,121.534932,90,50,1,1,2015Q2
,25.042851,121.136834,45,50,3,1,2015Q2
,25.042926,121.278537,135,60,1,1,2015Q2
,25.043107,121.50861,0,50,1,1,2015Q2
,25.043165,121.51887,0,50,1,1,2015Q2
,25.043501,121.27818,315,60,1,1,2015Q2
,25.043721,121.500466,180,60,1,1,2015Q2
,25.044458,121.552112,90,80,1,1,2015Q2
,25.044475,121.501123,225,50,1,1,2015Q2
,25.044475,121.539851,90,40,1,1,2015Q2
,25.04466,121.542375,90,80,1,1,2015Q2
,25.044713,121.078167,225,90,1,1,2015Q2
,25.044752,121.542361,270,80,1,1,2015Q2
,25.044817,121.377334,0,50,1,1,2015Q2
,25.044828,121.523557,270,50,1,1,2015Q2
,25.04491,121.24812,225,60,1,1,2015Q2
,25.045093,121.223416,180,50,1,1,2015Q2
,25.045118,121.223407,0,50,1,1,2015Q2
,25.045612,121.572306,270,50,1,1,2015Q2
,25.046396,121.218599,135,100,1,1,2015Q2
,25.046669,121.583652,225,50,1,1,2015Q2
,25.046995,121.485833,270,60,1,1,2015Q2
,25.047636,121.5641,90,50,1,1,2015Q2
,25.047636,121.626126,45,90,1,1,2015Q2
,25.047914,121.548913,0,50,1,1,2015Q2
,25.048112,121.536906,0,40,1,1,2015Q2
,25.048175,121.519796,90,80,1,1,2015Q2
,25.048493,121.586261,90,50,1,1,2015Q2
,25.048738,121.5867,270,50,1,1,2015Q2
,25.048801,121.517235,270,40,1,1,2015Q2
,25.049702,121.217282,315,100,1,1,2015Q2
,25.05006,121.586219,45,50,1,1,2015Q2
,25.05015,121.491469,225,70,1,1,2015Q2
,25.050503,121.442168,180,80,1,1,2015Q2
,25.050648,121.537036,0,50,1,1,2015Q2
,25.050761,121.49244,45,70,1,1,2015Q2
,25.050926,121.591842,270,50,1,1,2015Q2
,25.051005,121.442352,0,80,1,1,2015Q2
,25.051556,121.442432,0,50,1,1,2015Q2
,25.052523,121.611397,90,50,1,1,2015Q2
,25.052748,121.536656,180,70,1,1,2015Q2
,25.052807,121.61259,270,50,1,1,2015Q2
,25.053214,121.923654,45,50,3,1,2015Q2
,25.05323,121.574301,45,80,1,1,2015Q2
,25.053412,121.578486,90,40,1,1,2015Q2
,25.053557,121.923789,180,50,3,1,2015Q2
,25.053929,121.612406,90,30,1,1,2015Q2
,25.054215,121.613073,270,30,1,1,2015Q2
,25.054443,121.496278,315,50,1,1,2015Q2
,25.054689,121.522643,0,50,1,1,2015Q2
,25.054961,121.138644,270,50,3,1,2015Q2
,25.055289,121.310522,270,40,1,1,2015Q2
,25.055721,121.544217,0,50,1,1,2015Q2
,25.05585,121.579072,45,40,1,1,2015Q2
,25.055895,121.441383,225,60,1,1,2015Q2
,25.056186,121.399743,135,100,1,1,2015Q2
,25.056592,121.401904,135,50,1,1,2015Q2
,25.057248,121.614033,180,50,1,1,2015Q2
,25.057596,121.569465,0,50,1,1,2015Q2
,25.057668,121.542036,90,50,1,1,2015Q2
,25.058084,121.544008,180,50,1,1,2015Q2
,25.058223,121.52284,180,50,1,1,2015Q2
,25.05919,121.488655,315,50,1,1,2015Q2
,25.059441,121.768905,135,50,1,1,2015Q2
,25.059869,121.586341,225,80,1,1,2015Q2
,25.059985,121.639966,45,50,1,1,2015Q2
,25.060499,121.518117,180,50,1,1,2015Q2
,25.061066,121.642448,225,50,1,1,2015Q2
,25.06133,121.173901,225,50,1,1,2015Q2
,25.061432,121.650986,90,50,1,1,2015Q2
,25.061515,121.479323,90,50,1,1,2015Q2
,25.061974,121.568403,180,50,1,1,2015Q2
,25.062024,121.557499,90,50,1,1,2015Q2
,25.062083,121.537271,0,50,1,1,2015Q2
,25.062177,121.236279,225,50,1,1,2015Q2
,25.062974,121.563285,270,50,1,1,2015Q2
,25.063922,121.601856,90,100,1,1,2015Q2
,25.064228,121.601016,270,100,1,1,2015Q2
,25.064492,121.53336,0,50,1,1,2015Q2
,25.065881,121.61642,90,100,1,1,2015Q2
,25.065887,121.590541,0,50,1,1,2015Q2
,25.06624,121.423801,45,50,1,1,2015Q2
,25.066584,121.527775,180,70,1,1,2015Q2
,25.066674,121.664287,270,50,1,1,2015Q2
,25.066724,121.625035,270,100,1,1,2015Q2
,25.06677,121.544174,180,40,1,1,2015Q2
,25.067396,121.597603,135,50,1,1,2015Q2
,25.067418,121.42449,225,50,1,1,2015Q2
,25.068511,121.762403,315,50,1,1,2015Q2
,25.068526,121.532983,180,50,1,1,2015Q2
,25.068551,121.681075,90,60,1,1,2015Q2
,25.068914,121.41247,135,50,1,1,2015Q2
,25.069091,121.588033,270,50,1,1,2015Q2
,25.070162,121.573124,180,70,1,1,2015Q2
,25.070199,121.260935,180,50,1,1,2015Q2
,25.071163,121.22636,45,70,1,1,2015Q2
,25.071307,121.604211,225,50,1,1,2015Q2
,25.071872,121.544334,0,40,1,1,2015Q2
,25.071993,121.223643,225,70,1,1,2015Q2
,25.072257,121.364533,45,50,1,1,2015Q2
,25.072287,121.4601,315,50,3,1,2015Q2
,25.072517,121.375292,45,60,1,1,2015Q2
,25.072781,121.683104,45,50,1,1,2015Q2
,25.073087,121.536942,270,100,1,1,2015Q2
,24.827697,121.801285,225,60,1,1,2015Q2
,24.829375,120.960304,315,50,1,1,2015Q2
,24.829665,120.954709,45,50,1,1,2015Q2
,24.832172,121.305411,135,40,1,1,2015Q2
,24.832569,120.951621,90,50,1,1,2015Q2
,24.83329,121.271554,180,60,1,1,2015Q2
,24.833923,120.944165,135,50,1,1,2015Q2
,24.835781,121.207311,225,60,3,1,2015Q2
,24.842144,120.933983,45,50,3,1,2015Q2
,24.842641,120.934311,225,50,3,1,2015Q2
,24.844083,120.942493,270,50,1,1,2015Q2
,24.845508,121.792526,225,50,1,1,2015Q2
,24.846034,121.244907,225,60,1,1,2015Q2
,24.846102,121.209288,315,50,1,1,2015Q2
,24.847532,121.232225,315,50,1,1,2015Q2
,24.854139,121.203621,315,50,1,1,2015Q2
,24.854765,121.002935,315,50,3,1,2015Q2
,24.855368,121.001806,135,60,3,1,2015Q2
,24.857256,121.790286,315,90,1,1,2015Q2
,24.862121,120.991384,180,60,1,1,2015Q2
,24.867681,121.782215,315,90,1,1,2015Q2
,24.871875,121.83563,225,60,1,1,2015Q2
,24.872423,121.770881,90,40,1,1,2015Q2
,24.873263,121.775781,135,90,1,1,2015Q2
,24.876504,120.954377,0,70,3,1,2015Q2
,24.8767,121.045467,90,100,1,1,2015Q2
,24.877712,121.275489,0,60,1,1,2015Q2
,24.877998,120.954577,180,70,1,1,2015Q2
,24.879029,121.264507,0,60,1,1,2015Q2
,24.879082,121.199378,180,50,1,1,2015Q2
,24.879116,121.276428,225,60,1,1,2015Q2
,24.879243,121.247714,45,60,3,1,2015Q2
,24.880461,121.035795,315,70,1,1,2015Q2
,24.881069,121.255444,225,110,1,1,2015Q2
,24.884689,121.082492,270,100,1,1,2015Q2
,24.885107,121.023609,270,70,1,1,2015Q2
,24.886377,121.082127,225,70,1,1,2015Q2
,24.886403,121.082222,45,70,1,1,2015Q2
,24.893288,121.211831,180,50,1,1,2015Q2
,24.893364,121.184929,180,40,1,1,2015Q2
,24.894242,121.323819,135,50,1,1,2015Q2
,24.894788,121.280636,225,50,1,1,2015Q2
,24.896486,121.226602,225,50,1,1,2015Q2
,24.896783,121.113036,270,70,1,1,2015Q2
,24.897596,121.756579,315,90,1,1,2015Q2
,24.897687,121.262529,45,50,1,1,2015Q2
,24.89833,121.280106,225,50,1,1,2015Q2
,24.901923,121.751431,135,90,1,1,2015Q2
,24.902929,121.373298,135,40,1,1,2015Q2
,24.903848,121.866825,225,60,1,1,2015Q2
,24.905509,121.177942,270,40,1,1,2015Q2
,24.907466,121.211718,0,50,1,1,2015Q2
,24.910302,121.288008,45,50,3,1,2015Q2
,24.910923,121.716691,90,40,1,1,2015Q2
,24.912385,121.365859,180,50,3,1,2015Q2
,24.912502,121.280519,45,50,1,1,2015Q2
,24.913325,121.737227,315,90,1,1,2015Q2
,25.073153,121.370464,45,50,3,1,2015Q2
,25.073513,121.579423,315,50,1,1,2015Q2
,25.074447,121.75815,315,50,1,1,2015Q2
,25.074534,121.519974,0,50,1,1,2015Q2
,25.074584,121.519778,180,50,1,1,2015Q2
,25.074769,121.377913,225,60,1,1,2015Q2
,25.075511,121.471296,270,100,1,1,2015Q2
,25.075738,121.375876,135,50,3,1,2015Q2
,25.075952,121.687372,45,50,1,1,2015Q2
,25.075974,121.466427,270,100,1,1,2015Q2
,25.07608,121.691798,45,60,1,1,2015Q2
,25.076649,121.566302,90,50,1,1,2015Q2
,25.077088,121.671515,90,50,1,1,2015Q2
,25.077565,121.541117,90,50,1,1,2015Q2
,25.07772,121.60021,315,50,1,1,2015Q2
,25.077798,121.375577,45,50,1,1,2015Q2
,25.077889,121.375445,225,50,1,1,2015Q2
,25.07791,121.366205,45,50,1,1,2015Q2
,25.078044,121.64746,0,90,1,1,2015Q2
,25.078091,121.259514,315,50,3,1,2015Q2
,25.07831,121.513947,0,50,1,1,2015Q2
,25.078572,121.392506,90,50,3,1,2015Q2
,25.078603,121.585517,270,50,1,1,2015Q2
,25.079069,121.508245,180,60,1,1,2015Q2
,25.079241,121.167622,90,90,1,1,2015Q2
,25.079619,121.914427,180,60,1,1,2015Q2
,25.080506,121.522124,225,50,1,1,2015Q2
,25.08133,121.512852,135,50,1,1,2015Q2
,25.081818,121.569718,135,50,1,1,2015Q2
,25.082447,121.499024,315,50,1,1,2015Q2
,25.082566,121.50741,0,50,1,1,2015Q2
,25.083246,121.563285,90,50,1,1,2015Q2
,25.083264,121.237924,225,50,1,1,2015Q2
,25.0851,121.37814,45,50,1,1,2015Q2
,25.085118,121.497276,135,50,1,1,2015Q2
,25.085136,121.377965,225,50,1,1,2015Q2
,25.085656,121.553229,270,50,3,1,2015Q2
,25.085808,121.680498,90,100,1,1,2015Q2
,25.086398,121.569151,270,50,1,1,2015Q2
,25.086542,121.443263,225,50,1,1,2015Q2
,25.086791,121.522972,315,50,1,1,2015Q2
,25.086866,121.511165,0,50,1,1,2015Q2
,25.08738,121.494111,315,50,1,1,2015Q2
,25.087982,121.695655,225,50,3,1,2015Q2
,25.088349,121.49414,135,50,1,1,2015Q2
,25.088366,121.444911,45,50,1,1,2015Q2
,25.088426,121.494217,315,50,1,1,2015Q2
,25.089118,121.455812,180,50,1,1,2015Q2
,25.090073,121.52749,0,50,1,1,2015Q2
,25.090192,121.707098,90,50,1,1,2015Q2
,25.090628,121.229759,45,70,1,1,2015Q2
,25.092393,121.448549,180,80,1,1,2015Q2
,25.092615,121.518782,225,50,1,1,2015Q2
,25.092688,121.699499,225,50,3,1,2015Q2
,25.093195,121.519847,45,50,3,1,2015Q2
,25.093562,121.461111,135,50,1,1,2015Q2
,25.094789,121.548817,0,50,1,1,2015Q2
,24.914659,121.879374,45,60,1,1,2015Q2
,24.917603,121.167374,180,100,1,1,2015Q2
,24.918229,121.730546,135,90,1,1,2015Q2
,24.918669,120.984837,225,60,1,1,2015Q2
,24.922583,121.549387,0,50,3,1,2015Q2
,24.922691,121.549415,180,50,3,1,2015Q2
,24.924369,121.111802,90,50,1,1,2015Q2
,24.924458,121.30441,45,110,1,1,2015Q2
,24.925468,121.18979,90,50,1,1,2015Q2
,24.926221,121.441239,90,40,1,1,2015Q2
,24.926737,121.371868,0,50,3,1,2015Q2
,24.929185,121.297009,180,50,1,1,2015Q2
,24.929748,121.411061,135,40,1,1,2015Q2
,24.931846,120.99638,45,60,1,1,2015Q2
,24.931955,121.454425,225,40,1,1,2015Q2
,24.932017,120.996565,225,60,1,1,2015Q2
,24.932237,121.319737,225,40,1,1,2015Q2
,24.933694,121.40394,315,40,1,1,2015Q2
,24.934429,121.388957,45,50,1,1,2015Q2
,24.935239,121.710113,270,40,1,1,2015Q2
,24.93561,121.704348,135,40,1,1,2015Q2
,24.937733,121.201848,180,50,1,1,2015Q2
,24.938732,121.308923,225,50,1,1,2015Q2
,24.938912,121.367197,270,50,3,1,2015Q2
,24.939363,121.891525,45,50,1,1,2015Q2
,24.941521,121.900152,270,50,3,1,2015Q2
,24.941804,121.901182,45,50,1,1,2015Q2
,24.941908,121.473738,45,40,1,1,2015Q2
,24.942908,121.297449,0,50,1,1,2015Q2
,24.943271,121.401063,45,50,1,1,2015Q2
,24.945831,121.478665,90,50,3,1,2015Q2
,24.946341,121.194892,0,100,1,1,2015Q2
,24.948901,121.243203,315,50,1,1,2015Q2
,24.948935,121.243156,135,50,1,1,2015Q2
,24.949147,121.343961,45,40,1,1,2015Q2
,24.949225,121.701401,90,90,1,1,2015Q2
,24.949935,121.409299,90,50,3,1,2015Q2
,24.95041,121.647643,135,40,1,1,2015Q2
,24.950583,121.206529,180,50,1,1,2015Q2
,24.952779,121.914022,270,60,1,1,2015Q2
,24.953031,121.544851,90,50,1,1,2015Q2
,24.95334,121.553127,90,50,1,1,2015Q2
,24.954075,121.558086,270,50,1,1,2015Q2
,24.955094,121.539306,135,50,1,1,2015Q2
,24.955275,121.328174,45,40,3,1,2015Q2
,24.955643,121.570088,45,40,1,1,2015Q2
,24.95638,121.14976,270,80,3,1,2015Q2
,24.956517,121.148921,90,80,3,1,2015Q2
,24.956591,121.358756,45,15,3,1,2015Q2
,24.956873,121.358816,225,15,3,1,2015Q2
,24.956967,121.35977,270,50,1,1,2015Q2
,24.957392,121.145604,270,80,3,1,2015Q2
,24.957396,121.145057,90,80,3,1,2015Q2
,24.957803,121.142751,90,80,1,1,2015Q2
,24.95793,121.309955,90,50,1,1,2015Q2
,24.958696,121.180284,270,50,1,1,2015Q2
,25.097359,121.474439,315,50,1,1,2015Q2
,25.097385,121.540655,270,50,1,1,2015Q2
,25.098723,121.754695,270,50,3,1,2015Q2
,25.101865,121.753154,225,80,1,1,2015Q2
,25.10223,121.754306,45,80,1,1,2015Q2
,25.102745,121.739474,90,50,1,1,2015Q2
,25.102862,121.777979,180,40,1,1,2015Q2
,25.103109,121.725895,45,50,3,1,2015Q2
,25.103551,121.774972,0,50,1,1,2015Q2
,25.103766,121.512142,0,60,1,1,2015Q2
,25.104226,121.726275,180,50,3,1,2015Q2
,25.104713,121.511877,180,60,1,1,2015Q2
,25.105864,121.499026,0,80,1,1,2015Q2
,25.106198,121.516323,135,50,1,1,2015Q2
,25.106251,121.803937,90,50,1,1,2015Q2
,25.106995,121.453563,225,50,1,1,2015Q2
,25.107163,121.736103,315,50,1,1,2015Q2
,25.107508,121.819315,315,40,3,1,2015Q2
,25.107606,121.788081,225,50,1,1,2015Q2
,25.107743,121.809414,180,50,3,1,2015Q2
,25.107809,121.725355,0,100,1,1,2015Q2
,25.107961,121.725197,225,100,1,1,2015Q2
,25.108028,121.498828,180,80,1,1,2015Q2
,25.108178,121.546053,225,40,1,1,2015Q2
,25.109583,121.684859,180,90,1,1,2015Q2
,25.110731,121.734871,90,50,3,1,2015Q2
,25.112804,121.739947,45,50,3,1,2015Q2
,25.112933,121.690335,135,40,1,1,2015Q2
,25.115175,121.457689,315,50,1,1,2015Q2
,25.115178,121.693442,45,80,1,1,2015Q2
,25.11605,121.694386,225,80,1,1,2015Q2
,25.116115,121.726345,315,50,1,1,2015Q2
,25.117264,121.80359,45,70,1,1,2015Q2
,25.117437,121.503616,135,60,1,1,2015Q2
,25.11749,121.803702,225,70,1,1,2015Q2
,25.11817,121.743584,180,50,3,1,2015Q2
,25.120477,121.722074,315,50,3,1,2015Q2
,25.120687,121.888223,270,50,1,1,2015Q2
,25.12122,121.917091,315,50,1,1,2015Q2
,25.12163,121.49946,180,60,3,1,2015Q2
,25.121657,121.886521,135,50,1,1,2015Q2
,25.121891,121.305207,90,70,1,1,2015Q2
,25.122289,121.725054,45,50,3,1,2015Q2
,25.122386,121.47751,90,70,1,1,2015Q2
,25.122415,121.480177,270,70,1,1,2015Q2
,25.123341,121.454436,315,50,1,1,2015Q2
,25.123447,121.742903,180,50,3,1,2015Q2
,25.123981,121.736436,45,50,1,1,2015Q2
,25.12406,121.790542,90,50,1,1,2015Q2
,25.12696,121.783249,90,50,1,1,2015Q2
,25.127324,121.732285,45,50,1,1,2015Q2
,25.127353,121.403774,315,80,1,1,2015Q2
,25.127945,121.755678,90,50,3,1,2015Q2
,25.128086,121.768678,225,50,3,1,2015Q2
,25.128112,121.815923,135,50,1,1,2015Q2
,25.128178,121.719712,45,50,3,1,2015Q2
,25.129571,121.746593,315,50,1,1,2015Q2
,25.129719,121.799561,0,50,1,1,2015Q2
,25.130141,121.465914,180,40,1,1,2015Q2
,25.130269,121.451395,0,50,1,1,2015Q2
,25.130417,121.496721,315,60,1,1,2015Q2
,25.13121,121.737538,225,50,1,1,2015Q2
,25.132004,121.745013,225,50,3,1,2015Q2
,25.132105,121.451475,180,50,3,1,2015Q2
,25.132151,121.546431,180,40,1,1,2015Q2
,25.132369,121.798323,135,50,1,1,2015Q2
,25.133258,121.720493,225,50,1,1,2015Q2
,25.133275,121.359801,45,90,1,1,2015Q2
,25.134874,121.745782,45,50,3,1,2015Q2
,25.13585,121.450002,180,50,1,1,2015Q2
,25.137664,121.372514,90,50,1,1,2015Q2
,25.137745,121.749506,225,50,3,1,2015Q2
,25.137805,121.749608,45,50,1,1,2015Q2
,25.138872,121.39313,45,50,1,1,2015Q2
,25.139553,121.715719,315,50,3,1,2015Q2
,25.140215,121.381323,45,50,1,1,2015Q2
,25.141716,121.703468,0,40,1,1,2015Q2
,25.14178,121.709905,315,50,3,1,2015Q2
,25.142096,121.70947,135,50,3,1,2015Q2
,25.142256,121.703432,135,50,3,1,2015Q2
,25.147928,121.737926,180,50,3,1,2015Q2
,25.148567,121.700028,315,50,3,1,2015Q2
,25.149203,121.699761,180,50,3,1,2015Q2
,25.15056,121.442926,315,50,1,1,2015Q2
,25.150634,121.442869,135,50,1,1,2015Q2
,25.150834,121.406993,45,50,3,1,2015Q2
,25.150889,121.77856,90,50,1,1,2015Q2
,25.152839,121.440855,315,50,1,1,2015Q2
,25.153049,121.459429,0,50,3,1,2015Q2
,25.153055,121.732131,45,50,1,1,2015Q2
,25.153885,121.73395,135,50,1,1,2015Q2
,25.154727,121.459256,180,50,1,1,2015Q2
,25.156757,121.69573,315,50,3,1,2015Q2
,25.156874,121.695552,135,50,3,1,2015Q2
,25.158625,121.423197,90,50,1,1,2015Q2
,25.158988,121.429125,90,50,3,1,2015Q2
,25.159264,121.425316,225,50,1,1,2015Q2
,25.159519,121.454694,90,50,3,1,2015Q2
,25.161292,121.691096,90,50,1,1,2015Q2
,24.961416,121.315988,135,50,1,1,2015Q2
,24.961434,121.315941,315,50,1,1,2015Q2
,24.961802,121.528296,315,50,3,1,2015Q2
,24.962237,121.158999,270,50,1,1,2015Q2
,24.96226,121.530586,135,90,1,1,2015Q2
,24.962907,121.425647,225,50,1,1,2015Q2
,24.963333,121.542005,45,50,1,1,2015Q2
,24.964045,121.338393,180,50,1,1,2015Q2
,24.964429,121.210705,270,50,1,1,2015Q2
,24.96459,121.415653,90,50,1,1,2015Q2
,24.964792,121.416236,270,50,1,1,2015Q2
,24.965912,121.537024,0,60,1,1,2015Q2
,24.96616,121.241578,270,50,3,1,2015Q2
,24.96702,121.331166,135,50,3,1,2015Q2
,24.967169,121.384179,45,50,1,1,2015Q2
,24.970093,121.926162,225,60,1,1,2015Q2
,24.971217,121.530644,135,60,1,1,2015Q2
,24.972543,121.125291,90,60,1,1,2015Q2
,24.97272,121.260194,0,40,1,1,2015Q2
,24.972953,121.687461,0,40,1,1,2015Q2
,24.973219,121.260033,180,40,1,1,2015Q2
,24.974467,121.236099,180,50,1,1,2015Q2
,24.974514,121.518487,135,50,3,1,2015Q2
,24.975123,121.525684,315,60,1,1,2015Q2
,24.975205,121.456073,270,100,1,1,2015Q2
,24.975555,121.401548,45,50,1,1,2015Q2
,24.975659,121.436423,270,50,1,1,2015Q2
,24.976102,121.570519,90,90,1,1,2015Q2
,24.976293,121.685257,135,40,1,1,2015Q2
,24.976883,121.438957,180,50,3,1,2015Q2
,24.977364,121.269781,45,50,3,1,2015Q2
,24.977452,121.449318,225,50,1,1,2015Q2
,24.97761,121.465705,45,100,1,1,2015Q2
,24.978848,121.451129,45,50,3,1,2015Q2
,24.978976,121.545234,315,50,3,1,2015Q2
,24.979428,121.42859,45,50,1,1,2015Q2
,24.980156,121.438159,180,60,1,1,2015Q2
,24.980195,121.438356,0,60,1,1,2015Q2
,24.980561,121.544159,135,50,3,1,2015Q2
,25.161727,121.456143,180,50,3,1,2015Q2
,25.162391,121.701681,225,50,3,1,2015Q2
,25.162726,121.452387,135,50,3,1,2015Q2
,25.16485,121.543762,180,40,1,1,2015Q2
,25.167887,121.706521,45,50,1,1,2015Q2
,25.168955,121.460767,180,70,1,1,2015Q2
,25.1734,121.435691,270,40,1,1,2015Q2
,25.174762,121.432195,270,50,1,1,2015Q2
,25.176185,121.45648,135,70,1,1,2015Q2
,25.180514,121.453323,315,70,1,1,2015Q2
,25.180848,121.452562,135,70,3,1,2015Q2
,25.183638,121.687295,315,60,1,1,2015Q2
,25.191737,121.683915,225,50,3,1,2015Q2
,25.192152,121.446776,0,70,3,1,2015Q2
,25.193307,121.44624,180,70,1,1,2015Q2
,25.198262,121.447322,45,50,3,1,2015Q2
,25.200435,121.677411,270,50,1,1,2015Q2
,25.206019,121.448931,0,50,3,1,2015Q2
,25.20665,121.660983,270,70,1,1,2015Q2
,25.208809,121.652729,270,60,1,1,2015Q2
,25.212365,121.646481,135,50,3,1,2015Q2
,25.213479,121.450522,0,60,1,1,2015Q2
,25.217291,121.63948,90,60,1,1,2015Q2
,25.218713,121.450085,180,60,3,1,2015Q2
,25.219774,121.623722,90,50,1,1,2015Q2
,25.221784,121.631628,180,70,3,1,2015Q2
,25.224105,121.451895,180,50,1,1,2015Q2
,25.232643,121.453454,225,50,3,1,2015Q2
,25.238051,121.456646,180,60,1,1,2015Q2
,25.246635,121.459448,0,60,1,1,2015Q2
,25.251029,121.469907,45,60,1,1,2015Q2
,25.251338,121.470366,225,60,3,1,2015Q2
,25.260099,121.492255,270,70,1,1,2015Q2
,25.2615,121.501097,90,70,3,1,2015Q2
,25.262263,121.486122,90,70,3,1,2015Q2
,25.263643,121.482256,270,70,3,1,2015Q2
,25.266835,121.508163,45,50,3,1,2015Q2
,25.271385,121.623635,135,70,1,1,2015Q2
,25.282195,121.519732,45,60,3,1,2015Q2
,25.288779,121.54282,135,70,1,1,2015Q2
,25.290968,121.56419,90,50,1,1,2015Q2
,25.29172,121.55349,225,50,1,1,2015Q2
,25.293477,121.568173,180,50,3,1,2015Q2
,25.295192,121.582026,135,70,3,1,2015Q2
,26.158208,119.929391,135,25,1,1,2015Q2
,26.159673,119.91998,270,30,1,1,2015Q2
,26.160589,119.948988,45,35,1,1,2015Q2
